SecId,Name,StarRatingM255,SustainabilityRank,CategoryName,Yield_M12,GBRReturnW1,GBRReturnM1,GBRReturnM3,GBRReturnM6,GBRReturnM0,GBRReturnM12,GBRReturnM36,GBRReturnM60,MaxFrontEndLoad,OngoingCostActual,TransactionFeeActual,ManagerTenure,FundTNAV,EquityStyleBox,AverageMarketCapital,MorningstarRiskM255,AlphaM36,BetaM36,R2M36,StandardDeviationM36,SharpeM36,ReturnProfilePreservation,ReturnProfileIncome,ReturnProfileHedging,TrackRecordExtension
F000005MTH,AB Asia Ex-Japan Eq I Acc,2,1,Asia ex-Japan Equity,0,3.8,2.22,-1.43,1.1,11.83,32.49,8.55,9.62,1.5,1.25,0.72,11.83,272938403,1,17142.13592,5,-1.43,1.02,85.98,16,0.45,3,1,3,FALSE
F000010J2O,AB All China Equity I USD Acc,3,3,China Equity,0,4.61,2.95,-8.69,-12.52,-6.05,2.19,11.55,,1.5,1.19,0.27,3.33,1794436,2,23999.17207,3,4.08,0.92,88.93,17.29,0.56,3,3,3,FALSE
0P0000P32I,AB Asia Ex-Japan Eq I Acc EUR,2,1,Asia ex-Japan Equity,0,2.73,2.2,1.35,2.94,15.04,32.31,7.74,8.26,1.5,1.25,0.72,11.83,273249355,1,17142.13592,5,-1.43,1.02,85.98,16.36,0.44,3,1,3,FALSE
F00000XJCR,AB Asia Ex-Japan Eq I GBP Acc,2,1,Asia ex-Japan Equity,0,2.71,2.58,0.9,1.99,10.5,27.76,6.21,8.74,5,1.23,0.72,11.83,273886132,1,17142.13592,4,-1.58,1.04,85.51,16.36,0.44,3,1,3,FALSE
F0GBR04TKL,AB Emerging Markets Gr I Acc,4,5,Global Emerging Markets Equity,0,3.11,1.43,-4.88,-5.54,0.6,16.06,10.86,9.23,1.5,1.19,0.99,9.5,543709613,2,25122.26601,4,0.52,1.04,90.72,17.71,0.52,3,3,3,FALSE
0P00001A16,AB Emerging Markets Gr I Acc EUR,4,5,Global Emerging Markets Equity,0,2.08,1.4,-2.2,-3.83,3.49,15.87,10.04,7.87,1.5,1.19,0.99,9.5,544329049,2,25122.26601,4,0.52,1.04,90.72,18.01,0.51,3,3,3,FALSE
0P0000LYID,AB Emerging Markets Gr I Acc SGD,4,5,Global Emerging Markets Equity,0,2.35,-0.95,-0.57,9.68,5.12,43.68,7.53,12.01,1.5,1.19,0.99,9.5,544296838,2,25122.26601,4,0.52,1.04,90.72,17.72,0.38,3,3,3,FALSE
F00000T1CI,AB Em Mkts Low Volatil Eq S USD Acc,3,5,Global Emerging Markets Equity,0,2.78,-1.07,-6.26,-5.54,-0.12,12.8,7.79,8.17,0,0.1,0.58,7.5,694416472,2,52351.52198,1,-0.8,0.82,92.66,12.68,0.45,3,3,3,FALSE
F0GBR05XF2,AB India Growth I Acc,2,4,India Equity,0,4.91,5.67,9.83,16.34,24.65,51.9,9.06,7.85,1.5,1.45,1.27,8.58,112465617,3,11825.22014,4,-3.87,1.04,92.62,25.63,0.38,3,3,3,FALSE
0P000019WI,AB India Growth I Acc EUR,2,4,India Equity,0,3.85,5.64,12.91,18.44,28.23,51.66,8.24,6.51,1.5,1.45,1.27,8.58,112593746,3,11825.22014,4,-3.87,1.04,92.62,25.71,0.38,3,3,3,FALSE
0P0000NC1O,AB India Growth I Acc HKD,2,4,India Equity,0,1.48,7.32,8.58,21.26,12.7,70.96,4.48,8.26,1.5,1.45,1.27,8.58,112531467,3,11825.22014,4,-3.87,1.04,92.62,25.51,0.2,3,3,3,FALSE
F0GBR052UE,AB China Low Vol Eq Portf I Acc,3,4,China Equity,0,4.46,1.92,-12.43,-13.75,-7.59,-3.12,6.88,10.12,1.5,1.19,0.7,7.58,112444202,2,26412.92223,2,-0.32,0.88,93.39,16.5,0.31,3,3,3,FALSE
0P00001A04,AB China Low Vol Eq Portf I Acc EUR,3,4,China Equity,0,3.39,1.89,-9.97,-12.19,-4.93,-3.27,6.08,8.74,1.5,1.19,0.7,7.58,112572308,2,26412.92223,2,-0.32,0.88,93.39,16.73,0.3,3,3,3,FALSE
F00000ZMWN,AB SICAV I China A Shares Eq I CNH Acc,3,2,China Equity - A Shares,0,3.64,4.7,1.91,1.15,6.59,10.25,17.5,,0.9,1.19,0.55,10.83,74865731,2,14892.8157,2,-0.11,0.95,91.44,16.69,0.99,3,3,3,FALSE
F0GBR04SJV,AS SICAV I All China Equity A Acc GBP,3,4,China Equity,0,0.66,-2.63,-14.4,-18.27,-14.61,-5.48,7.78,9.6,5,1.98,0.25,15.5,484224551,3,68639.45261,2,2.55,0.98,85.1,19.18,0.45,2,3,3,TRUE
F0GBR06U34,AS SICAV I All China Equity A Acc USD,3,4,China Equity,0,1.48,-3.44,-16.59,-19.05,-13.54,-1.44,10.32,10.52,5,1.98,0.25,15.5,484224551,3,68639.45261,2,2.53,0.98,86.32,18.95,0.45,2,3,3,TRUE
F00000HH49,AS SICAV I All China Equity S Acc USD,3,4,China Equity,0,1.48,-3.45,-16.62,-19.12,-13.64,-1.6,10.13,10.33,5,2.15,0.25,15.5,484224551,3,68639.45261,2,2.36,0.98,86.31,18.95,0.44,2,3,3,FALSE
F00000PANO,AS SICAV I All China Equity X Acc GBP,3,4,China Equity,0,0.67,-2.56,-14.24,-17.96,-14.18,-4.77,8.59,10.43,0,1.23,0.25,15.5,484224551,3,68639.45261,2,3.3,0.98,85.12,19.19,0.49,2,3,3,TRUE
F00000PANP,AS SICAV I All China Equity X Acc USD,3,4,China Equity,0,1.5,-3.38,-16.43,-18.74,-13.1,-0.7,11.14,11.34,0,1.23,0.25,15.5,484224551,3,68639.45261,2,3.28,0.98,86.34,18.96,0.49,2,3,3,TRUE
F00000LY62,AS SICAV I Asia Pac Eq A Acc EUR,3,4,Asia-Pacific ex-Japan Equity,0,1.59,1.37,-0.46,-2.69,5.17,21.51,12.35,10.3,5,1.99,0.2,3.33,2323782853,3,77555.02562,3,2.35,0.99,96.49,14.82,0.72,2,3,3,FALSE
F0GBR04SJU,AS SICAV I Asia Pac Eq A Acc GBP,3,4,Asia-Pacific ex-Japan Equity,0,1.72,2.08,-0.52,-3.31,0.45,17.08,10.55,10.69,5,1.99,0.2,3.33,2323782852,3,77555.02562,2,2.36,0.99,96.04,14.87,0.72,2,3,3,FALSE
F0GBR04AWX,AS SICAV I Asia Pac Eq A Acc USD,3,4,Asia-Pacific ex-Japan Equity,0,2.55,1.23,-3.05,-4.23,1.71,22.09,13.15,11.61,5,1.98,0.2,3.33,2323782852,3,77555.02562,2,2.39,0.98,96.38,14.82,0.72,2,3,3,FALSE
F0000008ZM,AS SICAV I Asia Pac Eq I Acc USD,4,4,Asia-Pacific ex-Japan Equity,0,2.56,1.29,-2.86,-3.85,2.25,23.06,14.05,12.5,0,1.19,0.2,3.33,2323782852,3,77555.02562,2,3.18,0.98,96.37,14.83,0.77,2,3,3,FALSE
F00000HH46,AS SICAV I Asia Pac Eq S Acc USD,3,4,Asia-Pacific ex-Japan Equity,0,2.54,1.21,-3.09,-4.31,1.59,21.89,12.96,11.43,5,2.15,0.2,3.33,2323782852,3,77555.02562,2,2.22,0.98,96.38,14.82,0.71,2,3,3,FALSE
F00000P9N0,AS SICAV I Asia Pac Eq X Acc EUR,3,4,Asia-Pacific ex-Japan Equity,0,1.6,1.44,-0.28,-2.32,5.69,22.42,13.19,11.13,0,1.23,0.2,3.33,2323782853,3,77555.02562,3,3.1,0.99,96.49,14.83,0.77,2,3,3,FALSE
F00000P9MX,AS SICAV I Asia Pac Eq X Acc GBP,3,4,Asia-Pacific ex-Japan Equity,0,1.73,2.14,-0.33,-2.95,0.96,17.96,11.38,11.52,0,1.23,0.2,3.33,2323782852,3,77555.02562,3,3.11,0.99,96.03,14.88,0.77,2,3,3,TRUE
F00000P9MZ,AS SICAV I Asia Pac Eq X Acc USD,4,4,Asia-Pacific ex-Japan Equity,0,2.56,1.29,-2.87,-3.87,2.22,23.01,14.01,12.46,0,1.23,0.2,3.33,2323782852,3,77555.02562,2,3.14,0.98,96.37,14.83,0.77,2,3,3,TRUE
F0GBR0547K,AS SICAV I Asn Smllr Coms A Acc GBP,3,2,Asia ex-Japan Small/Mid-Cap Equity,0,1.08,0.91,4.09,7.25,9.27,23.42,7.73,6.92,5,2,0.27,12.92,668763609,6,2177.85185,2,-0.88,0.84,89.82,15.98,0.52,2,3,3,TRUE
F0GBR06X7H,AS SICAV I Asn Smllr Coms A Acc USD,3,2,Asia ex-Japan Small/Mid-Cap Equity,0,1.91,0.06,1.44,6.23,10.64,28.7,10.26,7.81,5,2,0.27,12.92,668763609,6,2177.85185,2,-0.91,0.84,91.7,15.89,0.52,2,3,3,TRUE
F000000OUF,AS SICAV I Asn Smllr Coms I Acc USD,3,2,Asia ex-Japan Small/Mid-Cap Equity,0,1.92,0.13,1.64,6.65,11.23,29.72,11.14,8.67,0,1.21,0.27,12.92,668763609,6,2177.85185,2,-0.12,0.84,91.7,15.9,0.57,2,3,3,FALSE
F00000PALI,AS SICAV I Asn Smllr Coms X Acc EUR,3,2,Asia ex-Japan Small/Mid-Cap Equity,0,0.96,0.26,4.3,8.27,14.87,28.86,10.14,7.18,0,1.4,0.27,12.92,668763609,6,2177.85185,2,-0.29,0.85,90.82,15.89,0.56,2,3,3,FALSE
F00000PALG,AS SICAV I Asn Smllr Coms X Acc GBP,3,2,Asia ex-Japan Small/Mid-Cap Equity,0,1.09,0.96,4.25,7.57,9.71,24.16,8.38,7.57,0,1.4,0.27,12.92,668763609,6,2177.85185,2,-0.27,0.84,89.82,15.98,0.56,2,3,3,TRUE
F00000PALH,AS SICAV I Asn Smllr Coms X Acc USD,3,2,Asia ex-Japan Small/Mid-Cap Equity,0,1.92,0.12,1.59,6.55,11.09,29.47,10.93,8.46,0,1.4,0.27,12.92,668763609,6,2177.85185,2,-0.31,0.84,91.7,15.89,0.56,2,3,3,TRUE
F000001VQZ,AS SICAV I Asn Smllr Coms Z Acc USD,4,2,Asia ex-Japan Small/Mid-Cap Equity,0,1.94,0.22,1.9,7.19,11.98,31.02,12.26,9.76,0,0.21,0.27,12.92,668763609,6,2177.85185,2,0.89,0.84,91.7,15.91,0.63,2,3,3,FALSE
F00000VUF5,AS SICAV I China A Share Eq I Acc EUR,4,3,China Equity - A Shares,0,-1.66,-7.06,-14.7,-14.55,-9.66,4.53,18.15,18.27,0,1.19,0.27,6.5,3699565784,3,40252.40504,4,-0.94,0.97,76.44,18.74,0.86,2,3,3,FALSE
F00000VNAV,AS SICAV I China A Share Eq I Acc USD,4,3,China Equity - A Shares,0,-0.73,-7.2,-16.92,-15.91,-12.63,5.03,19,19.69,0,1.2,0.27,6.5,3699565784,3,40252.40504,4,-0.92,0.97,77.14,18.56,0.87,2,3,3,FALSE
F00000XP6C,AS SICAV I China A Share Eq Z Acc USD,4,3,China Equity - A Shares,0,-0.71,-7.12,-16.71,-15.48,-12.04,6.08,20.2,20.89,0,0.2,0.27,6.5,3699565784,3,40252.40504,4,0.09,0.97,77.12,18.57,0.92,2,3,3,FALSE
F00000IS7G,AS SICAV I Em Mkts Eq A Acc EUR,3,4,Global Emerging Markets Equity,0,2.02,1.33,-0.16,-2.37,5.71,25.16,12.3,7.42,5,2.04,0.23,18.25,1595849716,3,75506.23455,4,2.26,1.06,95.37,16.79,0.66,2,3,3,FALSE
F0GBR04SJZ,AS SICAV I Em Mkts Eq A Acc GBP,3,4,Global Emerging Markets Equity,0,2.15,2.03,-0.21,-2.99,0.97,20.6,10.51,7.81,5,2.04,0.23,18.25,1595849716,3,75506.23455,4,2.23,1.06,95.55,16.83,0.66,2,3,3,FALSE
F0GBR04AWV,AS SICAV I Em Mkts Eq A Acc USD,3,4,Global Emerging Markets Equity,0,2.98,1.19,-2.75,-3.91,2.24,25.76,13.12,8.71,5,2.04,0.23,18.25,1595849716,3,75506.23455,4,2.28,1.06,95.22,16.86,0.66,2,3,3,FALSE
F00000QETI,AS SICAV I Em Mkts Eq G Acc USD,3,4,Global Emerging Markets Equity,0,3,1.25,-2.56,-3.53,2.78,26.76,14.02,9.57,0,1.24,0.23,18.25,1595849716,3,75506.23455,4,3.07,1.06,95.22,16.87,0.7,2,3,3,FALSE
F00000HH47,AS SICAV I Em Mkts Eq S Acc USD,3,4,Global Emerging Markets Equity,0,2.98,1.17,-2.8,-3.99,2.12,25.55,12.93,8.52,5,2.21,0.23,18.25,1595849716,3,75506.23455,4,2.11,1.06,95.22,16.85,0.65,2,3,3,FALSE
F00000PAOS,AS SICAV I Em Mkts Eq X Acc EUR,4,4,Global Emerging Markets Equity,0,2.03,1.4,0.03,-2,6.25,26.1,13.15,8.23,0,1.29,0.23,18.25,1595849716,3,75506.23455,4,3.01,1.06,95.36,16.8,0.7,2,3,3,TRUE
F00000PAOP,AS SICAV I Em Mkts Eq X Acc GBP,4,4,Global Emerging Markets Equity,0,2.16,2.1,-0.02,-2.62,1.48,21.51,11.35,8.62,0,1.29,0.23,18.25,1595849716,3,75506.23455,4,2.98,1.07,95.54,16.84,0.7,2,3,3,TRUE
F00000PAOR,AS SICAV I Em Mkts Eq X Acc USD,4,4,Global Emerging Markets Equity,0,3,1.25,-2.57,-3.55,2.75,26.71,13.97,9.53,0,1.29,0.23,18.25,1595849716,3,75506.23455,4,3.03,1.06,95.22,16.86,0.7,2,3,3,TRUE
F000001VR5,AS SICAV I Em Mkts Eq Z Acc USD,4,4,Global Emerging Markets Equity,0,3.02,1.34,-2.31,-3.04,3.48,28.03,15.16,10.67,0,0.25,0.23,18.25,1595849716,3,75506.23455,4,4.08,1.06,95.21,16.88,0.76,2,3,3,FALSE
F00000LJZ4,AS SICAV I EM Infras Eq A Acc USD,2,3,Sector Equity Infrastructure,0,1.23,1.46,-0.52,-1.89,2.29,17.13,8.32,4.95,5,2.03,0.21,7.67,96309395,3,7892.48796,4,3.12,0.76,70.05,14.79,0.48,2,3,3,FALSE
F00000LJZ7,AS SICAV I EM Infras Eq I Acc USD,3,3,Sector Equity Infrastructure,0,1.24,1.53,-0.32,-1.49,2.84,18.07,9.19,5.79,0,1.24,0.21,7.67,96309395,3,7892.48796,4,3.92,0.76,70.06,14.79,0.53,2,3,3,TRUE
F00000LJZA,AS SICAV I EM Infras Eq S Acc USD,2,3,Sector Equity Infrastructure,0,1.22,1.45,-0.56,-1.97,2.18,16.94,8.14,4.78,5,2.2,0.21,7.67,96309395,3,7892.48796,4,2.95,0.76,70.06,14.78,0.47,2,3,3,TRUE
F00000PAQN,AS SICAV I EM Infras Eq X Acc EUR,3,3,Sector Equity Infrastructure,0,0.28,1.65,2.52,0.11,6,17.76,8.43,4.45,0,1.28,0.21,7.67,96309395,3,7892.48796,4,3.89,0.76,70.06,14.8,0.53,2,3,3,FALSE
F00000Q65M,AS SICAV I EM Infras Eq X Acc GBP,2,3,Sector Equity Infrastructure,0,0.38,2,2.06,-0.69,1.59,13.49,6.9,4.89,0,1.28,0.21,7.67,96309395,3,7892.48796,4,3.88,0.76,70.06,14.79,0.53,2,3,3,TRUE
F000000DUY,AS SICAV I EM Smlr Coms A Acc GBP,3,4,Global Emerging Markets Small/Mid-Cap Equity,0,1.14,2.25,3.81,9.61,17.97,36.49,12.99,7.9,5,2.04,0.26,14.5,252118062,6,1847.34248,2,4.54,0.93,91.29,18.68,0.73,2,3,3,FALSE
F000000DUW,AS SICAV I EM Smlr Coms A Acc USD,3,4,Global Emerging Markets Small/Mid-Cap Equity,0,1.97,1.4,1.17,8.57,19.44,42.32,15.65,8.8,5,2.03,0.26,14.5,252118062,6,1847.34248,2,4.57,0.93,92.01,18.56,0.74,2,3,3,FALSE
F00000QETH,AS SICAV I EM Smlr Coms G Acc USD,3,4,Global Emerging Markets Small/Mid-Cap Equity,0,1.98,1.46,1.37,9,20.08,43.45,16.57,9.67,0,1.24,0.26,14.5,252118062,6,1847.34248,3,5.36,0.93,92.02,18.57,0.78,2,3,3,FALSE
F000000DUX,AS SICAV I EM Smlr Coms I Acc USD,4,4,Global Emerging Markets Small/Mid-Cap Equity,0,1.98,1.47,1.37,9,20.09,43.45,16.57,9.67,0,1.24,0.26,14.5,252118062,6,1847.34248,3,5.37,0.93,92.01,18.57,0.78,2,3,3,FALSE
F00000PAOZ,AS SICAV I EM Smlr Coms X Acc EUR,3,4,Global Emerging Markets Small/Mid-Cap Equity,0,1.03,1.6,4.03,10.63,24,42.49,15.51,8.16,0,1.42,0.26,14.5,252118062,6,1847.34248,2,5.17,0.93,91.71,18.52,0.77,2,3,3,FALSE
F00000PAOX,AS SICAV I EM Smlr Coms X Acc GBP,3,4,Global Emerging Markets Small/Mid-Cap Equity,0,1.15,2.3,3.97,9.94,18.45,37.31,13.67,8.55,0,1.43,0.26,14.5,252118062,6,1847.34248,2,5.14,0.94,91.3,18.69,0.76,2,3,3,TRUE
F00000PAOY,AS SICAV I EM Smlr Coms X Acc USD,3,4,Global Emerging Markets Small/Mid-Cap Equity,0,1.98,1.45,1.32,8.89,19.93,43.18,16.35,9.46,0,1.43,0.26,14.5,252118062,6,1847.34248,2,5.17,0.93,92.02,18.57,0.77,2,3,3,TRUE
F000001VR8,AS SICAV I EM Smlr Coms Z Acc USD,5,4,Global Emerging Markets Small/Mid-Cap Equity,0,2,1.55,1.63,9.55,20.9,44.89,17.75,10.77,0,0.24,0.26,14.5,252118062,6,1847.34248,3,6.37,0.93,92.02,18.59,0.83,2,3,3,FALSE
F00000Z6X7,AS SICAV I EM Sst & Rspnb Invmt EqA Acc$,4,5,Global Emerging Markets Equity,0,2.61,0.78,-2.16,-4.06,1.28,25.03,13.19,,5,2.06,0.41,4.25,139663937,3,54887.5221,4,2.47,1.06,94.49,17.15,0.66,2,3,3,FALSE
F00000PWD5,AS SICAV I Indian Equity A Acc EUR,3,5,India Equity,0,3.46,7.79,16.18,17.6,25.43,48.02,9.77,8.96,5,2.06,0.2,3.25,980915685,3,19860.37888,1,-1.97,0.86,93.53,20.92,0.44,2,3,3,FALSE
F0GBR04HSG,AS SICAV I Indian Equity A Acc GBP,4,5,India Equity,0,3.6,8.54,16.12,16.82,19.77,42.6,8.01,9.34,5,2.06,0.2,3.25,980915685,3,19860.37888,1,-1.92,0.85,92.82,20.89,0.44,2,3,3,FALSE
F0GBR06X0N,AS SICAV I Indian Equity A Acc USD,4,5,India Equity,0,4.44,7.64,13.16,15.71,21.27,48.69,10.56,10.25,5,2.06,0.2,3.25,980915685,3,19860.37888,1,-1.91,0.85,92.97,20.94,0.43,2,3,3,TRUE
F00000PAQ2,AS SICAV I Indian Equity X Acc EUR,3,5,India Equity,0,3.48,7.87,16.41,18.03,26.05,49.12,10.57,9.78,0,1.31,0.2,3.25,980915685,3,19860.37888,1,-1.24,0.86,93.51,20.92,0.47,2,3,3,FALSE
F00000PAQ0,AS SICAV I Indian Equity X Acc GBP,4,5,India Equity,0,3.61,8.61,16.34,17.26,20.38,43.67,8.83,10.17,0,1.31,0.2,3.25,980915685,3,19860.37888,1,-1.17,0.86,92.81,20.9,0.47,2,3,3,TRUE
F00000PAQ1,AS SICAV I Indian Equity X Acc USD,4,5,India Equity,0,4.46,7.71,13.38,16.14,21.88,49.8,11.39,11.09,0,1.31,0.2,3.25,980915685,3,19860.37888,1,-1.16,0.85,92.96,20.95,0.47,2,3,3,TRUE
F000001VR2,AS SICAV I Indian Equity Z Acc USD,4,5,India Equity,0,4.48,7.8,13.67,16.76,22.74,51.38,12.56,12.24,0,0.27,0.2,3.25,980915685,3,19860.37888,1,-0.12,0.86,92.96,20.97,0.52,2,3,3,FALSE
F00000MCH2,ASSII-SLI China Eqs A Acc EUR,3,4,China Equity,0,1.03,-2.58,-14.76,-19.2,-11.97,-4.76,3.37,6.52,5,1.98,0.32,3.17,121073341,3,57704.64799,3,-3.36,0.97,92.31,18.42,0.15,2,3,3,FALSE
F000001XHO,ASSII-SLI China Eqs A Acc GBP,3,4,China Equity,0,1.16,-1.84,-14.77,-19.48,-15.89,-8.22,1.66,6.96,5,1.98,0.32,3.17,121073340,3,57704.64799,3,-3.4,0.97,92.2,18.56,0.15,2,3,3,FALSE
F0GBR068VO,ASSII-SLI China Eqs A Acc USD,3,4,China Equity,0,1.98,-2.65,-16.91,-20.32,-14.8,-4.3,4.19,7.78,5,1.98,0.32,3.17,121073340,3,57704.64799,3,-3.24,0.97,92.64,18.47,0.16,2,3,3,FALSE
F00000XH7Z,ASSII-SLI China Eqs B Acc GBP,2,4,China Equity,0,1.17,-1.76,-14.56,-19.11,-15.37,-7.36,2.64,7.96,5,1.13,0.32,3.17,121073340,3,57704.64799,3,-2.44,0.97,92.21,18.56,0.2,2,3,3,FALSE
F000001XHR,ASSII-SLI China Eqs D Acc GBP,3,4,China Equity,0,1.18,-1.74,-14.52,-19.05,-15.3,-7.23,2.68,8.02,5,1.04,0.32,3.17,121073340,3,57704.64799,3,-2.4,0.98,92.2,18.58,0.2,2,3,3,FALSE
F00000OYWE,ASSII-Emg Mks Foc Eq A Acc USD,3,4,Global Emerging Markets Equity,0,2.93,1.96,-2.04,-0.88,5.53,23.17,12.51,10.85,5,1.99,0.49,8.92,139946035,3,57202.05596,4,1.58,1.1,97.16,17.24,0.62,2,3,3,FALSE
F00000XH8G,ASSII-Emg Mks Foc Eq B Acc GBP,4,4,Global Emerging Markets Equity,0,2.14,2.91,0.75,0.54,4.76,19.15,10.74,10.96,5,1.14,0.49,8.92,139946035,3,57202.05596,4,2.23,1.11,97.2,17.39,0.66,2,3,3,FALSE
F00000T9HK,ASSII-Emg Mks Foc Eq D Acc GBP,4,4,Global Emerging Markets Equity,0,2.12,2.84,0.71,0.61,4.8,19.31,10.85,11.13,5,1.05,0.49,8.92,139946035,3,57202.05596,4,2.34,1.11,97.2,17.39,0.66,2,3,3,FALSE
F00000OYWF,ASSII-Emg Mks Foc Eq D Acc USD,3,4,Global Emerging Markets Equity,0,2.96,2.06,-1.76,-0.35,6.27,24.48,12.82,11.43,5,1.05,0.49,8.92,139946035,3,57202.05596,4,1.97,1.08,96.45,17.22,0.64,2,3,3,FALSE
F00000VYA4,Alger Emerging Markets A EU,4,4,Global Emerging Markets Equity,0,2.67,1.05,3.06,-0.77,8.65,20.65,13.69,9.34,6,2.73,0.78,2,9820550,3,10783.22057,3,4.04,1.02,91.02,16.73,0.74,2,2,2,FALSE
FOGBR05M29,Alger Emerging Markets A US,4,4,Global Emerging Markets Equity,0,3.72,1.06,0.22,-2.51,5.63,20.98,14.57,10.71,6,2.73,0.78,2,9820550,3,10783.22057,3,4.28,1,91.09,16.42,0.76,2,2,2,FALSE
F00000VYA3,Alger Emerging Markets I EU,4,4,Global Emerging Markets Equity,0,2.67,1.18,3.51,0.14,9.91,22.76,15.52,11.11,0,1.1,0.78,2,9820550,3,10783.22057,3,5.63,1.02,91.08,16.79,0.84,2,2,2,FALSE
F00000U446,Alger Emerging Markets I US,5,4,Global Emerging Markets Equity,0,3.72,1.18,0.67,-1.69,6.83,23.07,16.4,12.5,0,1.1,0.78,2,9820550,3,10783.22057,3,5.87,1,91.12,16.44,0.86,2,2,2,FALSE
F00000U445,Alger Emerging Markets I-3US,5,4,Global Emerging Markets Equity,0,3.69,1.19,0.63,-1.69,6.76,22.99,16.34,12.44,0,1.1,0.78,2,9820550,3,10783.22057,3,5.81,1,91.17,16.45,0.85,2,2,2,FALSE
F000015HB6,Allianz China A-Shares Equity C,5,3,China Equity - A Shares,0,-2.76,-5.02,-5.22,-5.15,-6.06,10.86,28.29,20.75,0,1.1,0.17,1.17,203395910,3,24395.84395,4,9.18,1.02,85.96,19.18,1.42,3,1,3,TRUE
F000015HB7,Allianz China A-Shares Equity W,5,3,China Equity - A Shares,0,-2.75,-5,-5.18,-5.07,-5.95,11.03,28.5,20.95,0,0.93,0.17,1.17,203395910,3,24395.84395,4,9.34,1.02,85.97,19.18,1.43,3,1,3,TRUE
F0000002NV,Allianz Emerging Markets Equity A Acc,3,3,Global Emerging Markets Equity,0.3209,2.86,3.35,0.58,0.25,8.93,21.52,8.94,10.22,4,1.83,0.11,7.92,167557266,1,35453.33647,3,0.71,1.07,95.77,16.08,0.59,3,1,3,FALSE
FOGBR05K3Y,Allianz Emerging Markets Equity C Acc,4,3,Global Emerging Markets Equity,1.06538,2.88,3.43,0.8,0.69,9.57,22.58,9.89,11.19,0,0.96,0.11,7.92,167557266,1,35453.33647,3,1.58,1.07,95.78,16.1,0.64,3,1,3,FALSE
F000010MSG,Allianz Emerging Markets Equity O Acc,4,3,Global Emerging Markets Equity,0.32097,2.87,3.26,0.51,0.29,8.41,21.75,9.8,,0,0.3,0.11,7.92,167557266,1,35453.33647,3,1.5,1.06,96.38,15.96,0.64,3,1,3,FALSE
F00000ZV6F,Allianz All China Equity AT USD,5,3,China Equity,0,0.3,-4.57,-12.06,-13.74,-8.94,5.03,23.02,,5,2.3,0.07,3.75,1314138991,3,36725.88545,4,13.96,1,85.91,19.66,1.03,3,1,3,FALSE
F0000125EX,Allianz All China Equity IT USD,5,3,China Equity,0,0.32,-4.47,-11.81,-13.28,-8.28,6.14,24.29,,2,1.28,0.07,3.75,1314138991,3,36725.88545,4,14.97,1.01,86.04,19.7,1.08,3,1,3,TRUE
F000014R7Z,Allianz All China Equity PT GBP,5,3,China Equity,0,-0.86,-4.1,-9.74,-12.36,-9.44,2.16,21.44,,2,1.33,0.07,3.75,1314138991,3,36725.88545,4,15.06,1,85.5,19.57,1.09,3,1,3,TRUE
F000010S4Z,Allianz All China Equity PT USD,5,3,China Equity,0,0.32,-4.47,-11.82,-13.3,-8.3,6.1,24.28,,2,1.34,0.07,3.75,1314138991,3,36725.88545,4,14.97,1,86.06,19.69,1.08,3,1,3,FALSE
F000010QGT,Allianz All China Equity RT USD,5,3,China Equity,0,0.35,-4.49,-11.85,-13.32,-8.34,6.02,24.08,,,1.47,0.07,3.75,1314138991,3,36725.88545,4,14.8,1,86,19.7,1.07,3,1,3,FALSE
F000010QGV,Allianz All China Equity WT GBP,5,3,China Equity,0,-0.63,-3.91,-9.55,-12.19,-9.23,2.58,21.85,,0,0.94,0.07,3.75,1314138991,3,36725.88545,4,15.34,1.01,86.44,19.72,1.1,3,1,3,FALSE
F00000ZV6G,Allianz All China Equity WT USD,5,3,China Equity,0,0.33,-4.44,-11.73,-13.13,-8.06,6.52,24.7,,0,0.93,0.07,3.75,1314138991,3,36725.88545,4,15.31,1.01,86.05,19.7,1.1,3,1,3,FALSE
F000015H0U,Allianz All China Equity WT6 GBP,5,3,China Equity,0,-0.62,-3.91,-9.54,-12.18,-9.32,2.42,21.56,,,0.92,0.07,3.75,1314138991,3,36725.88545,4,15.1,1.01,85.67,19.81,1.08,3,1,3,TRUE
F000014C03,Allianz China A Shares AT HKD,5,3,China Equity - A Shares,0,-2.48,-6.08,-8.13,-6.23,-4.74,15.69,31.57,,5,2.3,0.17,12.5,8654792856,3,21933.88355,4,9.38,1.05,88.33,19.28,1.45,3,1,3,TRUE
F000014B62,Allianz China A Shares AT SGD,5,3,China Equity - A Shares,0,-2.91,-6.64,-7.08,-5.56,-3.75,13.5,31.16,,5,2.29,0.17,12.5,8654792856,3,21933.88355,4,9.34,1.06,87.87,19.46,1.44,3,1,3,TRUE
F000014B63,Allianz China A Shares AT USD,5,3,China Equity - A Shares,0,-2.2,-5.98,-8.3,-6.42,-5,15.38,31.91,21.41,5,2.29,0.17,12.5,8654792856,3,21933.88355,4,9.21,1.06,88.2,19.37,1.44,3,1,3,TRUE
F000015BVH,Allianz China A Shares IT EUR,5,3,China Equity - A Shares,0,-3.24,-5.87,-5.61,-4.05,-1.03,16.19,32.44,21.19,2,1.26,0.17,12.5,8654792856,3,21933.88355,4,10.12,1.07,88.75,19.5,1.48,3,1,3,TRUE
F000014B64,Allianz China A Shares IT USD,5,3,China Equity - A Shares,0,-2.22,-5.93,-8.07,-5.96,-4.38,16.51,33.24,22.39,2,1.28,0.17,12.5,8654792856,3,21933.88355,4,10.23,1.06,88.26,19.37,1.49,3,1,3,TRUE
F000014OHM,Allianz China A Shares PT GBP,5,3,China Equity - A Shares,0,-3.15,-5.4,-5.69,-4.96,-5.12,12.94,30.31,21.77,2,1.35,0.17,12.5,8654792856,3,21933.88355,4,10.41,1.05,88.61,19.19,1.51,3,1,3,TRUE
F000014C07,Allianz China A Shares RT USD,5,3,China Equity - A Shares,0,-2.22,-5.94,-8.09,-6.04,-4.44,16.33,33.01,,,1.43,0.17,12.5,8654792856,3,21933.88355,4,10.1,1.06,88.17,19.34,1.48,3,1,3,TRUE
F000014C09,Allianz China A Shares WT GBP,5,3,China Equity - A Shares,0,-3.14,-5.39,-5.68,-4.78,-5.28,12.65,30.51,,0,0.94,0.17,12.5,8654792856,3,21933.88355,4,10.63,1.05,88.19,19.24,1.51,3,1,3,TRUE
F000014C0A,Allianz China A Shares WT USD,5,3,China Equity - A Shares,0,-2.21,-5.91,-7.98,-5.79,-4.15,16.91,33.71,,0,0.93,0.17,12.5,8654792856,3,21933.88355,4,10.59,1.06,88.27,19.37,1.51,3,1,3,TRUE
F000015A7B,Allianz China A Shares WT4 USD,5,3,China Equity - A Shares,0,-2.21,-5.89,-7.94,-5.7,-4.03,17.13,33.96,23.29,,0.72,0.17,12.5,8654792856,3,21933.88355,4,10.78,1.06,88.27,19.37,1.52,3,1,3,TRUE
F000004071,Allianz China Equity AT SGD,3,4,China Equity,0,1.98,-0.41,-10.71,-14.97,-7.16,-2,11.09,10.23,5,1.9,0.13,12.92,466341422.8,2,38685.63486,2,3.99,0.93,94.46,17.34,0.57,3,1,3,FALSE
F00000LVXO,Allianz China Equity AT USD,3,4,China Equity,0,2.67,0.19,-11.98,-15.96,-8.75,-0.8,11.39,10.07,5,2.3,0.13,12.92,466341422.8,2,38685.63486,2,3.56,0.93,94.29,17.28,0.54,3,1,3,TRUE
F0000044X8,Allianz China Equity CT EUR,3,4,China Equity,0,1.58,0.2,-9.76,-14.42,-5.84,-1.63,9.83,7.98,5,3.04,0.13,12.92,466341422.8,2,38685.63486,2,2.92,0.93,94.39,17.17,0.51,3,1,3,FALSE
F000002J94,Allianz China Equity IT USD,4,4,China Equity,0,2.68,0.26,-11.77,-15.52,-8.12,0.19,12.54,11.2,0,1.29,0.13,12.92,466341422.8,2,38685.63486,2,4.59,0.93,94.36,17.33,0.6,3,1,3,FALSE
F00000OZZQ,Allianz China Equity PT EUR,3,4,China Equity,0,1.62,0.3,-9.61,-13.95,-5.04,-0.13,11.61,9.82,0,1.33,0.13,12.92,466341422.8,2,38685.63486,2,4.53,0.93,94.44,17.25,0.6,3,1,3,FALSE
F00000WVQS,Allianz China Equity RT USD,3,4,China Equity,0,2.67,0.27,-11.81,-15.59,-8.18,0.05,12.37,11.04,0,1.44,0.13,12.92,466341422.8,2,38685.63486,2,4.45,0.93,94.34,17.32,0.59,3,1,3,FALSE
F00000OOQB,Allianz China Equity WT HKD,3,4,China Equity,0,2.44,0.23,-11.54,-15.21,-7.67,0.82,12.57,11.64,0,0.94,0.13,12.92,466341422.8,2,38685.63486,2,4.99,0.92,94.26,17.24,0.62,3,1,3,FALSE
F00000M7N3,Allianz Emerging Asia Equity AT HKD,3,2,Asia ex-Japan Equity,0,2.84,0.76,-5.27,-7.94,1.58,18.41,12.54,9.77,5,2.3,0.13,1.67,63445123.84,2,38157.00104,3,1.38,1.05,91.71,16.67,0.62,3,1,3,FALSE
F00000Q494,Allianz Emerging Asia Equity IT USD,3,2,Asia ex-Japan Equity,0,3.13,0.93,-5.2,-7.67,2.03,19.3,14.07,10.83,0,1.29,0.13,1.67,63445123.84,2,38157.00104,3,2.33,1.06,91.87,16.77,0.68,3,1,3,FALSE
F00000W5D3,Allianz Emerging Asia Equity RT EUR,3,2,Asia ex-Japan Equity,0,2.06,0.99,-2.73,-5.96,5.43,18.72,13.06,9.38,0,1.43,0.13,1.67,63445123.84,2,38157.00104,3,2.18,1.06,92.28,16.68,0.68,3,1,3,FALSE
F00000V83L,Allianz Emerging Asia Equity WT USD,3,2,Asia ex-Japan Equity,0,3.13,0.96,-5.12,-7.51,2.27,19.72,14.47,11.22,0,0.94,0.13,1.67,63445123.84,2,38157.00104,3,2.68,1.06,91.87,16.78,0.7,3,1,3,FALSE
F00000ULJV,Allianz Emerging Markets Eq Opps WT2 EUR,4,3,Global Emerging Markets Equity,0,2.72,2.72,0.75,1.33,14.39,26.78,11.43,10.43,0,0.87,0.18,7.67,169215675,1,35773.60453,3,1.72,1.04,94.86,15.62,0.65,3,1,3,FALSE
F00000WFOB,Allianz Emerging Markets Equity AT EUR,3,3,Global Emerging Markets Equity,0,2.21,0.31,2.41,6.81,17.68,30.08,9.85,7.76,5,1.95,0.08,0.5,297148330.2,2,17476.79392,3,0.57,1,93.38,15.85,0.55,3,1,3,FALSE
F000014L0Y,Allianz Emerging Markets Equity CT EUR,3,3,Global Emerging Markets Equity,0,2.16,0.1,2.05,6.04,16.92,29.19,9.54,7.3,5,2.45,0.08,0.5,297148330.2,2,17476.79392,3,0.14,1,93.26,15.95,0.53,3,1,3,TRUE
F00000WF96,Allianz Emerging Markets Equity IT EUR,3,3,Global Emerging Markets Equity,0,2.19,0.29,2.46,6.94,18.37,31.17,10.86,8.75,2,1.11,0.08,0.5,297148330.2,2,17476.79392,3,1.51,1,93.37,15.81,0.61,3,1,3,FALSE
F00000XQLK,Allianz Emerging Markets Equity IT8 EUR,4,3,Global Emerging Markets Equity,0,2.18,0.27,2.44,6.9,18.25,31.02,10.83,,2,1.11,0.08,0.5,297148330.2,2,17476.79392,3,1.5,1,93.21,15.8,0.61,3,1,3,FALSE
F00000VQ2Q,Allianz Emerging Markets Equity RT EUR,3,3,Global Emerging Markets Equity,0,2.18,0.27,2.42,6.87,18.18,30.82,10.61,8.53,2,1.25,0.08,0.5,297148330.2,2,17476.79392,3,1.28,1,93.25,15.82,0.6,3,1,3,FALSE
F00000ZVSI,Allianz Emerging Markets Equity WT USD,4,3,Global Emerging Markets Equity,0,3.26,0.23,-0.07,5.04,14.68,31.86,12,,0,0.83,0.08,0.5,297148330.2,2,17476.79392,3,1.8,0.99,92.63,15.98,0.62,3,1,3,FALSE
F000000H7T,Allianz GEM Equity High Div AT EUR,4,2,Global Emerging Markets Equity,0,3.23,2.59,0.47,2.34,14.56,25.96,11.24,9.82,5,2.3,0.1,6.25,82697462,1,30219.89576,2,1.82,0.98,95.24,14.76,0.66,3,1,3,TRUE
F000000RIH,Allianz GEM Equity High Div AT USD,4,2,Global Emerging Markets Equity,0,4.26,2.47,-2.15,0.53,10.92,26.66,11.93,11.19,5,2.3,0.1,6.25,82697462,1,30219.89576,2,1.84,0.98,95.51,14.86,0.66,3,1,3,FALSE
F000000H7S,Allianz GEM Equity High Div CT EUR,3,2,Global Emerging Markets Equity,0,3.21,2.53,0.28,1.96,13.98,25.02,10.41,8.99,5,3.05,0.1,6.25,82697462,1,30219.89576,2,1.07,0.98,95.23,14.75,0.61,3,1,3,TRUE
F00000ZYJB,Allianz GEM Equity High Div IT USD,5,2,Global Emerging Markets Equity,0,4.32,2.62,-1.86,1.02,11.69,28.03,13.16,,2,1.29,0.1,6.25,82697462,1,30219.89576,3,2.92,0.98,95.52,14.85,0.73,3,1,3,FALSE
F00000ML1E,Allianz Hong Kong Equity AT HKD,2,4,Hong Kong Equity,0,1.29,-0.42,-9.34,-13.35,-6.07,5,5.47,5.58,5,2.1,0.36,12.92,215591539.2,2,30971.59624,3,4.7,1,88.39,15.9,0.28,3,1,3,FALSE
F000004074,Allianz Hong Kong Equity AT SGD,2,4,Hong Kong Equity,0,0.84,-1,-8.2,-12.62,-4.79,3.3,5.29,5.53,5,1.85,0.36,12.92,215591539.2,2,30971.59624,3,4.92,1,88.17,16.09,0.29,3,1,3,FALSE
F000000DAB,Allianz Hong Kong Equity IT USD,3,4,Hong Kong Equity,0,1.56,-0.27,-9.24,-13.06,-5.64,5.81,6.91,6.64,0,1.09,0.36,12.92,215591539.2,2,30971.59624,3,5.72,1,88.56,16,0.34,3,1,3,TRUE
F00000ZPOR,Allianz India Equity WT2 USD,4,4,India Equity,0,4.77,7.77,13.92,19.72,29.74,54.98,12.93,,0,0.89,0.1,12.75,20904290.41,2,12956.93113,1,0.48,0.87,95.19,20.27,0.57,3,1,3,FALSE
FOGBR05M1W,Allianz Little Dragons AT USD,2,2,Asia ex-Japan Equity,0,4.19,1.61,1.99,2.7,10.79,20.93,11.42,7.38,5,3.17,0.12,1.67,135256950.7,2,4368.22629,3,1.22,0.92,84.34,15.88,0.57,3,1,3,TRUE
F000002DZG,Allianz Little Dragons CT2 EUR,2,2,Asia ex-Japan Equity,0,3.12,1.7,4.76,4.83,14.84,20.88,10.89,6.38,5,2.92,0.12,1.67,135256950.7,2,4368.22629,3,1.5,0.93,84.53,15.78,0.59,3,1,3,FALSE
F00000PRVF,Allianz Thailand Equity IT JPY,3,4,Thailand Equity,0,1.35,9.03,-1.9,0.99,11.4,18.74,-1.83,4.85,0,1.09,0.03,10.42,53655745.28,1,5549.43237,2,1.35,0.9,91.34,22.92,-0.03,3,1,3,FALSE
F00000OLDG,Allianz Total Return Asian Eq AT HKD,4,3,Asia ex-Japan Equity,0,2.48,0.13,-8.5,-12.83,-2.48,7.67,17.07,13.13,5,2.08,0.22,7.92,415106603.1,3,62812.77544,4,5.69,1.05,88.68,17.1,0.86,3,1,3,FALSE
F0GBR06X07,Allianz Total Return Asian Eq AT USD,4,3,Asia ex-Japan Equity,0,2.76,0.23,-8.63,-12.97,-2.7,7.4,17.47,13.09,5,2.08,0.22,7.92,415106603.1,3,62812.77544,4,5.65,1.05,88.79,17.18,0.85,3,1,3,TRUE
F00000VM8X,Allianz Total Return Asian Eq IT2 USD,4,3,Asia ex-Japan Equity,0,2.78,0.31,-8.4,-12.53,-2.05,8.48,18.65,14.21,0,1.08,0.22,7.92,415106603.1,3,62812.77544,4,6.65,1.05,88.82,17.19,0.91,3,1,3,FALSE
F000000GDA,Allianz Total Return Asian Eq PT USD,4,3,Asia ex-Japan Equity,0,2.77,0.31,-8.41,-12.55,-2.07,8.43,18.61,14.18,0,1.15,0.22,7.92,415106603.1,3,62812.77544,4,6.61,1.05,88.8,17.19,0.91,3,1,3,TRUE
F0GBR04EBZ,Allianz Total Return Asian Equity A Acc,4,3,Asia ex-Japan Equity,0.82325,1.76,1.03,-6.24,-11.98,-3.61,3.97,15.65,12.46,4,1.97,0.24,8.17,70190208,3,62848.50349,4,6.15,1.08,88.2,17.78,0.87,3,1,3,FALSE
F00000WXSZ,Allianz Total Return Asian Equity C Acc,4,3,Asia ex-Japan Equity,0.69585,1.77,1.09,-6.08,-11.69,-3.19,4.64,16.5,13.34,0,1.06,0.24,8.17,70190208,3,62848.50349,5,6.89,1.08,88.28,17.77,0.91,3,1,3,FALSE
F00000XMUN,Alquity Asia EUR Y,1,3,Asia ex-Japan Equity,0,2.03,1.46,-0.35,1.08,12.09,28.91,7.19,5.63,0,1.9,0.48,7.5,36638200,2,13268.06125,4,-1.47,0.98,73.66,18.61,0.37,2,2,2,FALSE
F00000TFHU,Alquity Asia GBP R,1,3,Asia ex-Japan Equity,0,1.79,1.5,-0.46,0.39,6.22,22.3,4.35,4.47,5,3,0.48,7.5,36638200,2,13268.06125,4,-2.65,0.96,72.95,18.31,0.3,2,2,2,FALSE
0P0001342F,Alquity Asia GBP R USD,1,3,Asia ex-Japan Equity,0,2.67,1.03,-2.79,-0.45,7.5,27.18,6.54,5.27,5,3,0.48,7.5,36638200,2,13268.06125,4,-2.65,0.96,72.95,18.31,0.3,2,2,2,FALSE
F00000VA68,Alquity Asia GBP Y,1,3,Asia ex-Japan Equity,0,2.13,1.83,-0.72,0.44,7.69,24.67,5.93,6.27,5,1.55,0.48,7.5,36638200,2,13268.06125,4,-1.25,0.98,73.59,18.63,0.38,2,2,2,FALSE
0P00015ALW,Alquity Asia GBP Y USD,1,3,Asia ex-Japan Equity,0,3.01,1.37,-3.03,-0.39,8.99,29.65,8.15,7.1,5,1.55,0.48,7.5,36638200,2,13268.06125,4,-1.25,0.98,73.59,18.63,0.38,2,2,2,FALSE
F00000TFHW,Alquity Asia USD M,1,3,Asia ex-Japan Equity,0,2.54,1.11,-1.98,0.97,9.04,28.97,7.04,5.45,5,3,0.48,7.5,36638200,2,13268.06125,4,-2.08,0.95,72.31,18.22,0.33,2,2,2,FALSE
F00001056B,Alquity Asia USD R,1,3,Asia ex-Japan Equity,0,2.55,1.1,-2.74,-0.61,7.49,27.26,6.57,,5,3,0.48,7.5,36638200,2,13268.06125,4,-2.63,0.97,73.29,18.42,0.31,2,2,2,FALSE
F00001056C,Alquity Asia USD Y,2,3,Asia ex-Japan Equity,0,3.01,1.34,-3.11,-0.56,8.73,29.2,7.91,6.96,5,1.9,0.48,7.5,36638200,2,13268.06125,4,-1.47,0.98,73.68,18.61,0.37,2,2,2,FALSE
F0000104KZ,Alquity Future World EUR M,1,4,Global Emerging Markets Equity,0,1.78,1.94,-1.27,-0.9,10.15,25.53,4.07,,5,3,0.44,7.25,28428897,2,12944.33769,4,-4.32,1.01,80.31,18.7,0.22,2,2,2,FALSE
F0000104L0,Alquity Future World EUR R,1,4,Global Emerging Markets Equity,0,2,2.18,-1.45,-1.27,9.76,24.71,3.91,,5,3,0.44,7.25,28428897,2,12944.33769,4,-4.48,1.01,80.39,18.76,0.21,2,2,2,FALSE
F00001056E,Alquity Future World EUR Y,1,4,Global Emerging Markets Equity,0,2.02,2.27,-1.22,-0.89,10.52,26.05,5.06,,5,1.9,0.44,7.25,28428897,2,12944.33769,5,-3.4,1.01,80.52,18.86,0.27,2,2,2,FALSE
F00000UQ57,Alquity Future World GBP R,1,4,Global Emerging Markets Equity,0,2.09,2.53,-1.86,-1.93,5.08,20.08,2.41,2.27,5,3,0.44,7.25,28428897,2,12944.33769,4,-4.51,1.01,80.4,18.76,0.21,2,2,2,FALSE
0P00014NMF,Alquity Future World GBP R USD,1,4,Global Emerging Markets Equity,0,2.98,2.06,-4.15,-2.74,6.34,24.87,4.56,3.06,5,3,0.44,7.25,28428897,2,12944.33769,4,-4.51,1.01,80.4,18.76,0.21,2,2,2,FALSE
F00000XMUL,Alquity Future World GBP Y,1,4,Global Emerging Markets Equity,0,2.13,2.65,-1.59,-1.5,6.17,21.92,3.81,4,0,1.55,0.44,7.25,28428897,2,12944.33769,5,-3.17,1.01,80.49,18.86,0.28,2,2,2,FALSE
F00000UILD,Alquity Future World USD M,1,4,Global Emerging Markets Equity,0,2.6,1.69,-3.55,-2.43,5.95,24.42,4.44,3.24,5,3,0.44,7.25,28428897,2,12944.33769,4,-4.57,1,80.42,18.66,0.2,2,2,2,FALSE
F00001056D,Alquity Future World USD R,1,4,Global Emerging Markets Equity,0,2.98,2.06,-3.58,-2.42,6.48,25.03,4.61,,5,3,0.44,7.25,28428897,2,12944.33769,4,-4.46,1.01,80.46,18.77,0.21,2,2,2,FALSE
F000010369,Alquity Future World USD Y,1,4,Global Emerging Markets Equity,0,3,2.15,-3.97,-2.49,7.2,26.35,5.75,,5,1.9,0.44,7.25,28428897,2,12944.33769,5,-3.4,1.01,80.53,18.86,0.27,2,2,2,FALSE
F00001056A,Alquity Indian Subcontinent EUR Y,1,5,India Equity,0,4.04,5.59,19.38,29.29,45.4,71.28,6.88,,5,1.9,0.4,7.42,25274404,3,5890.44358,5,-5.84,1.17,87.52,29.85,0.32,2,2,2,FALSE
F00000TFI0,Alquity Indian Subcontinent GBP R,1,5,India Equity,0,3.48,5.01,15.62,23.95,34.41,58.67,3.56,8.57,5,3,0.4,7.42,25274404,3,5890.44358,5,-7.5,1.16,87.58,29.39,0.26,2,2,2,FALSE
0P0001342M,Alquity Indian Subcontinent GBP R USD,1,5,India Equity,0,4.38,4.53,12.92,22.92,36.03,65,5.74,9.41,5,3,0.4,7.42,25274404,3,5890.44358,5,-7.5,1.16,87.58,29.39,0.26,2,2,2,FALSE
F00000Y7V4,Alquity Indian Subcontinent GBP Y,2,5,India Equity,0,4.14,6,18.96,28.5,39.68,65.68,5.62,11.47,5,1.55,0.4,7.42,25274404,3,5890.44358,5,-5.62,1.18,87.51,29.87,0.33,2,2,2,FALSE
0P000199NO,Alquity Indian Subcontinent GBP Y USD,2,5,India Equity,0,5.05,5.51,16.18,27.43,41.36,72.29,7.84,12.33,5,1.55,0.4,7.42,25274404,3,5890.44358,5,-5.62,1.18,87.51,29.87,0.33,2,2,2,FALSE
F00000TFI2,Alquity Indian Subcontinent USD M,1,5,India Equity,0,4.26,4.6,13.8,22.42,35.38,64.19,5.33,9.54,5,3,0.4,7.42,25274404,3,5890.44358,5,-7.83,1.16,87.44,29.4,0.25,2,2,2,FALSE
F000010568,Alquity Indian Subcontinent USD R,1,5,India Equity,0,4.26,4.6,14.76,25.4,38.78,68.33,6.05,,5,3,0.4,7.42,25274404,3,5890.44358,5,-7.21,1.17,87.22,29.71,0.27,2,2,2,FALSE
F000010569,Alquity Indian Subcontinent USD Y,1,5,India Equity,0,5.04,5.47,16.06,27.16,40.98,71.63,7.57,,5,1.9,0.4,7.42,25274404,3,5890.44358,5,-5.86,1.17,87.54,29.85,0.32,2,2,2,FALSE
F00000MMXG,Amundi Fds Asia Eq Concntr A EUR C,2,3,Asia ex-Japan Equity,0,2.49,2.02,-3.73,-5.86,2.47,14.08,7.86,7.75,4.5,2.05,0.99,5,183074500.8,2,49817.05697,3,-2.08,1.04,98.07,15.48,0.44,3,3,3,FALSE
F0GBR04CVQ,Amundi Fds Asia Eq Concntr A USD C,2,3,Asia ex-Japan Equity,0,3.48,1.91,-6.39,-7.36,-0.57,14.56,8.81,9.26,4.5,2.05,0.99,5,183074500.8,2,49817.05697,3,-1.87,1.05,97.77,15.5,0.45,3,3,3,FALSE
F00000PHKQ,Amundi Fds Asia Eq Concntr A2 USD C,2,3,Asia ex-Japan Equity,0,3.47,1.88,-6.45,-7.71,-0.76,14.31,8.6,9.12,4.5,2.25,0.99,5,183074500.8,2,49817.05697,3,-2.08,1.05,97.59,15.57,0.44,3,3,3,TRUE
F00000MM9U,Amundi Fds Asia Eq Concntr F2 USD C,2,3,Asia ex-Japan Equity,0,3.45,1.82,-6.64,-8.07,-1.28,13.43,7.62,7.98,0,3.05,0.99,5,183074500.8,2,49817.05697,3,-2.98,1.05,97.57,15.57,0.38,3,3,3,FALSE
F0GBR04CVU,Amundi Fds Asia Eq Concntr G USD C,2,3,Asia ex-Japan Equity,0,3.48,1.87,-6.46,-7.51,-0.8,14.07,8.26,8.76,3,2.35,0.99,5,183074500.8,2,49817.05697,3,-2.38,1.04,98.03,15.47,0.42,3,3,3,FALSE
F0GBR04CVW,Amundi Fds Asia Eq Concntr I USD C,3,3,Asia ex-Japan Equity,0,3.5,2,-6.14,-6.8,0.15,15.69,9.66,10.15,2.5,0.96,0.99,5,183074500.8,2,49817.05697,3,-1.08,1.04,98.14,15.46,0.5,3,3,3,FALSE
F00000LXRY,Amundi Fds Em Mkts Eq Foc A EUR C,4,4,Global Emerging Markets Equity,0,2.42,1.27,-1.75,-2.51,6.94,19.71,11.01,8.21,4.5,2.05,0.3,11.83,1837823815,2,32556.32873,2,1.63,1,98.86,15.1,0.65,3,3,3,TRUE
F000000OJJ,Amundi Fds Em Mkts Eq Foc A USD C,4,4,Global Emerging Markets Equity,0,3.4,1.15,-4.44,-4.11,3.71,19.91,11.77,9.55,4.5,2.05,0.3,11.83,1837823815,2,32556.32873,2,1.65,1,98.85,15.09,0.65,3,3,3,FALSE
F00000MMXS,Amundi Fds Em Mkts Eq Foc F2 USD C,3,4,Global Emerging Markets Equity,0,3.35,0.99,-4.61,-4.95,3.22,18.87,10.79,8.32,0,3.05,0.3,11.83,1837823815,2,32556.32873,2,0.76,1,98.43,15.21,0.59,3,3,3,FALSE
F00000LIVG,Amundi Fds Em Mkts Eq Foc G EUR C,4,4,Global Emerging Markets Equity,0,2.41,1.26,-1.8,-2.65,6.75,19.35,10.65,7.78,3,2.35,0.3,11.83,1837823815,2,32556.32873,2,1.3,1,98.83,15.12,0.63,3,3,3,FALSE
F000000OIS,Amundi Fds Em Mkts Eq Foc G USD C,4,4,Global Emerging Markets Equity,0,3.4,1.13,-4.53,-4.22,3.55,19.63,11.39,9.11,3,2.35,0.3,11.83,1837823815,2,32556.32873,2,1.31,1,98.84,15.1,0.63,3,3,3,FALSE
F000000OIU,Amundi Fds Em Mkts Eq Foc I USD C,4,4,Global Emerging Markets Equity,0,3.41,1.22,-4.26,-3.67,4.33,20.95,12.65,10.55,2.5,0.96,0.3,11.83,1837823815,2,32556.32873,3,2.44,1,98.87,15.11,0.7,3,3,3,FALSE
F0000024W3,Amundi Fds Em Mkts Eq Foc M USD C,4,4,Global Emerging Markets Equity,0,3.42,1.22,-4.26,-3.68,4.32,20.96,12.59,10.4,2.5,0.96,0.3,11.83,1837823815,2,32556.32873,3,2.38,1,98.88,15.12,0.7,3,3,3,FALSE
F000002MV9,Amundi Fds Em Mkts Eq Foc Q-X USD C,4,4,Global Emerging Markets Equity,0,3.42,1.24,-4.2,-3.57,4.48,21.21,12.9,10.86,5,0.69,0.3,11.83,1837823815,2,32556.32873,3,2.66,1,98.89,15.12,0.72,3,3,3,FALSE
F00000MM6O,Amundi Fds Emerging Wld Eq A EUR C,3,3,Global Emerging Markets Equity,0,2.12,1,-1.97,-1,7.33,19.78,9.43,7.75,4.5,2.05,0.31,13.5,948075717,2,31384.2496,3,0.15,1.01,98.49,15.39,0.55,3,3,3,FALSE
F000001G3Z,Amundi Fds Emerging Wld Eq A USD C,3,3,Global Emerging Markets Equity,0,3.09,0.88,-4.69,-2.6,4.11,20.06,10.16,9.08,4.5,2.05,0.31,13.5,948075717,2,31384.2496,3,0.16,1.01,98.49,15.39,0.55,3,3,3,FALSE
F00000MMAH,Amundi Fds Emerging Wld Eq F2 USD C,2,3,Global Emerging Markets Equity,0,3.03,0.7,-4.8,-3.01,3.74,19.33,9.08,7.78,0,3.05,0.31,13.5,948075717,2,31384.2496,3,-0.83,1.01,98.23,15.41,0.49,3,3,3,FALSE
F000001G41,Amundi Fds Emerging Wld Eq G USD C,3,3,Global Emerging Markets Equity,0,3.1,0.86,-4.75,-2.72,3.94,19.75,9.77,8.63,3,2.35,0.31,13.5,948075717,2,31384.2496,3,-0.2,1.01,98.48,15.4,0.53,3,3,3,FALSE
F00000PTIS,Amundi Fds Emerging Wld Eq I EUR C,4,3,Global Emerging Markets Equity,0,2.13,1.07,-1.75,-0.56,7.96,20.9,10.45,8.77,2.5,0.96,0.31,13.5,948075717,2,31384.2496,3,1.08,1.02,98.55,15.39,0.61,3,3,3,FALSE
F000001G40,Amundi Fds Emerging Wld Eq I USD C,4,3,Global Emerging Markets Equity,0,3.12,0.95,-4.48,-2.17,4.72,21.18,11.14,10.08,2.5,0.96,0.31,13.5,948075717,2,31384.2496,3,1.03,1.02,98.54,15.42,0.61,3,3,3,FALSE
F00000GVXE,Amundi Fds Emerging Wld Eq M USD C,3,3,Global Emerging Markets Equity,0,3.12,0.96,-4.48,-2.17,4.72,21.18,11.01,9.95,2.5,0.96,0.31,13.5,948075717,2,31384.2496,3,0.91,1.02,98.47,15.45,0.6,3,3,3,FALSE
F00000QDRW,Amundi Fds Emerging Wld Eq R USD C,3,3,Global Emerging Markets Equity,0,3.11,0.94,-4.51,-2.24,4.45,20.82,10.96,9.89,4.5,1.15,0.31,13.5,948075717,2,31384.2496,3,0.88,1.02,98.56,15.39,0.6,3,3,3,TRUE
F00000LINA,Amundi Fds SBI FM India Eq A EUR C,3,5,India Equity,0,5.52,9.23,16.44,16.78,25.85,43.21,13.46,10.56,4.5,2.05,0.24,3.42,526372386,3,20016.75711,3,1.08,0.95,96.47,22.19,0.6,3,3,3,FALSE
F0GBR069D4,Amundi Fds SBI FM India Eq A USD C,3,5,India Equity,0,6.53,9.09,13.2,14.9,22.07,43.36,14.18,11.9,4.5,2.05,0.24,3.42,526372386,3,20016.75711,3,1.05,0.95,96.39,22.21,0.6,3,3,3,FALSE
F00000MN7D,Amundi Fds SBI FM India Eq F2 USD C,3,5,India Equity,0,6.51,9.01,12.92,14.32,21.25,41.84,13,10.71,0,3.05,0.24,3.42,526372386,3,20016.75711,3,0.1,0.95,95.63,22.19,0.55,3,3,3,FALSE
F0GBR069CZ,Amundi Fds SBI FM India Eq G USD C,3,5,India Equity,0,6.52,9.07,13.12,14.73,21.82,43.04,13.89,11.63,3,2.35,0.24,3.42,526372386,3,20016.75711,3,0.8,0.95,96.44,22.19,0.59,3,3,3,FALSE
F0GBR069D2,Amundi Fds SBI FM India Eq I USD C,4,5,India Equity,0,6.55,9.2,13.52,15.53,22.82,45.09,15.35,12.93,2.5,0.96,0.24,3.42,526372386,3,20016.75711,3,2.08,0.95,96.56,22.16,0.64,3,3,3,FALSE
F0000024WE,Amundi Fds SBI FM India Eq M USD C,4,5,India Equity,0,6.55,9.19,13.52,15.53,22.96,45.36,15.31,12.93,2.5,0.96,0.24,3.42,526372386,3,20016.75711,3,2.03,0.95,96.57,22.19,0.64,3,3,3,FALSE
F00000VMNV,Amundi IS MSCI Emerging Markets A3E-C,3,2,Global Emerging Markets Equity,0,2.67,2.16,-1.99,-0.6,6.4,19.19,9.02,8.68,4.5,0.15,0,4.5,4448658893,2,33338.84538,3,-0.18,1,99.42,15,0.53,3,3,3,FALSE
F00000T8H9,Amundi IS MSCI Emerging Markets AE-C,3,2,Global Emerging Markets Equity,0,2.66,2.14,-2.07,-0.75,6.18,18.82,8.7,8.36,4.5,0.45,0,4.5,4448658893,2,33338.84538,2,-0.48,1,99.42,14.99,0.51,3,3,3,FALSE
F00000SCLA,Amundi IS MSCI Emerging Markets AU-C,3,2,Global Emerging Markets Equity,0,3.65,2.02,-4.79,-2.36,2.99,19.1,9.42,9.7,4.5,0.45,0,4.5,4448658893,2,33338.84538,2,-0.45,1,99.21,14.95,0.52,3,3,3,FALSE
F00000SCLB,Amundi IS MSCI Emerging Markets IE-C,3,2,Global Emerging Markets Equity,0,2.66,2.16,-2.01,-0.63,6.35,19.12,8.97,8.63,2.5,0.2,0,4.5,4448658893,2,33338.84538,2,-0.24,1,99.42,15,0.53,3,3,3,FALSE
F00000T56A,Amundi IS MSCI Emerging Markets IG-C,3,2,Global Emerging Markets Equity,0,2.76,2.51,-2.47,-1.46,1.89,14.78,7.45,9.15,2.5,0.2,0,4.5,4448658893,2,33338.84538,2,-0.2,1,99.59,14.95,0.53,3,3,3,FALSE
F00000SCLC,Amundi IS MSCI Emerging Markets IU-C,3,2,Global Emerging Markets Equity,0,3.65,2.04,-4.73,-2.24,3.15,19.39,9.69,9.97,2.5,0.2,0,4.5,4448658893,2,33338.84538,2,-0.21,1,99.21,14.96,0.53,3,3,3,FALSE
F00000T56D,Amundi IS MSCI Emerging Markets ME-C,3,2,Global Emerging Markets Equity,0,2.66,2.16,-2.02,-0.66,6.32,19.07,8.92,8.57,2.5,0.25,0,4.5,4448658893,2,33338.84538,2,-0.28,1,99.42,14.99,0.53,3,3,3,FALSE
F00000T56E,Amundi IS MSCI Emerging Markets RE-C,3,2,Global Emerging Markets Equity,0,2.66,2.15,-2.02,-0.66,6.31,19.06,8.92,8.58,4.5,0.25,0,4.5,4448658893,2,33338.84538,2,-0.28,1,99.42,14.99,0.53,3,3,3,FALSE
F000011EEI,Artemis Fds(Lux)SmartGARP GlblEM EqFIGBP,4,1,Global Emerging Markets Equity,0,3.37,5.55,3.13,8.72,18.45,35.91,8.85,11.32,0,0.81,0.55,3,188044738,1,11628.57703,2,1.61,0.93,87.07,14.87,0.61,3,1,3,TRUE
F000013C1M,Artemis Fds(Lux)SmartGARP GlblEM Eq BUSD,4,1,Global Emerging Markets Equity,0,4.21,5.26,1.18,7.86,19.96,41.34,10.89,11.97,0,1,0.55,3,188044738,1,11628.57703,2,1.24,0.9,86.78,14.44,0.59,3,3,3,TRUE
F00001103K,Artemis Fds(Lux)SmartGARP GlblEM Eq IEUR,4,1,Global Emerging Markets Equity,0,3.12,5.11,3.38,9.38,23.83,40.87,10.03,10.61,0,0.96,0.55,3,188044737,1,11628.57703,2,1.15,0.92,86.88,14.77,0.58,3,1,3,TRUE
F00001103L,Artemis Fds(Lux)SmartGARP GlblEM Eq IUSD,4,1,Global Emerging Markets Equity,0,4.21,5.27,1.19,7.88,20,41.41,10.79,11.91,0,0.96,0.55,3,188044738,1,11628.57703,2,1.05,0.92,87.34,14.69,0.57,3,1,3,TRUE
F00000VHE3,Artemis SmartGARP Glb EM Eq I Acc GBP,4,1,Global Emerging Markets Equity,2.42652,3.33,5.8,3.61,8.62,18.54,36.91,8.24,11,0,0.94,0.53,6.42,455629571,1,10878.72076,3,0.96,0.94,87.5,15.1,0.57,3,1,3,FALSE
F000010E43,Artisan Sustainable Emerg Mkts I USD Acc,4,3,Global Emerging Markets Equity,0,2.3,0.55,-2.65,-0.16,5.06,25.29,12.69,,,1.1,0.21,3.42,4606908,3,24887.91864,4,2.3,1.05,94.33,16.39,0.66,2,2,2,FALSE
F00000YMUZ,Ashmore SICAV Em Mkts Actv Eq I USD ACC,3,3,Global Emerging Markets Equity,0,3.59,0.45,-6.54,-5.83,0.53,18.99,9.04,,5,1.14,0.51,4.92,287040675,2,59812.93919,4,-1.18,1.06,96.02,16.6,0.46,3,3,3,FALSE
F0GBR04RYI,ASI (SLI) Asian Pacific Grth Eq I Acc,4,4,Asia-Pacific ex-Japan Equity,1.04599,2.05,2.19,-1.32,-4.57,0.66,15.79,10,11.19,0,0.97,0.1,3.08,32514228,2,72291.70456,4,1.29,1.03,97.32,15.24,0.65,2,3,3,FALSE
F00000OPUS,ASI (SLI) Asian Pacific Grth Eq P1 Acc,4,4,Asia-Pacific ex-Japan Equity,1.00321,2.03,2.1,-1.4,-4.61,0.57,15.71,9.93,11.12,0,1.02,0.1,3.08,32514228,2,72291.70456,4,1.31,1.02,97.14,15.15,0.65,2,3,3,TRUE
F0GBR04RYG,ASI (SLI) Asian Pacific Grth Eq R Acc,3,4,Asia-Pacific ex-Japan Equity,0.64063,2.03,2.13,-1.45,-4.81,0.33,15.24,9.48,10.66,4,1.44,0.1,3.08,32514228,2,72291.70456,4,0.82,1.03,97.32,15.25,0.62,2,3,3,FALSE
F00000OAQG,ASI (SLI) Emerging Markets Equity I Acc,4,4,Global Emerging Markets Equity,1.69221,2.32,0.97,-2.55,-4.42,1.96,19.5,9.83,10.71,0,0.9,0.05,7.25,197921685,2,40687.95944,4,1.27,1.08,96.06,16.74,0.61,2,3,3,FALSE
F00000OPVF,ASI (SLI) Emerging Markets Equity P1 Acc,4,4,Global Emerging Markets Equity,1.33505,2.36,0.98,-2.42,-4.72,1.62,18.92,9.55,10.51,0,0.95,0.05,7.25,197921685,2,40687.95944,4,1.09,1.07,96.23,16.58,0.6,2,3,3,TRUE
F00000OAQF,ASI (SLI) Emerging Markets Equity R Acc,3,4,Global Emerging Markets Equity,0.9923,2.37,0.93,-2.52,-4.93,1.31,18.43,9.11,10.08,4,1.37,0.05,7.25,197921685,2,40687.95944,4,0.63,1.08,96.06,16.75,0.57,2,3,3,FALSE
F0GBR06MQ9,ASI Standard Life Pacific Basin Tr A,3,4,Asia-Pacific ex-Japan Equity,1.56454,2.4,1.47,-1.81,-4.35,1.01,15.31,7.91,10.68,7.5,0.86,0.07,3.08,2135751930,2,60743.43483,4,-0.85,1.05,97.38,15.69,0.51,2,3,3,FALSE
F0GBR0646N,ASI Asia Pacific and Japan Eq A Acc,4,4,Asia-Pacific Equity,0,2.94,4.07,3.88,1.82,0.82,16.63,11.23,10.65,0,1.34,0.19,42.5,129905995,3,44111.39281,3,2.94,1.06,94.87,14.02,0.77,2,3,3,TRUE
F00000P8DH,ASI Asia Pacific and Japan Eq I Acc,4,4,Asia-Pacific Equity,0.44171,2.95,4.11,3.99,2.05,1.13,17.15,11.76,11.3,0,0.89,0.19,42.5,129905995,3,44111.39281,3,3.42,1.06,94.86,14.02,0.8,2,3,3,TRUE
F00000X3SD,ASI Asia Pacific Equity Enh Index B Acc,3,3,Asia-Pacific ex-Japan Equity,1.89036,2.66,2,-1.44,-2.36,3.71,15.78,7.99,10.56,0,0.3,0.57,5.5,213435483,2,38548.14647,2,-0.09,0.99,98.54,14.35,0.57,2,1,3,FALSE
F0GBR04EA6,ASI Asia Pacific Equity A Acc,3,4,Asia-Pacific ex-Japan Equity,0,1.69,2.15,-0.68,-3.39,0.49,17.24,10.69,10.81,0,1.39,0.23,15.42,1116094163,3,74615.49707,3,2.33,1,96.05,14.85,0.72,2,3,3,TRUE
F00000020Y,ASI Asia Pacific Equity I Acc,3,4,Asia-Pacific ex-Japan Equity,0.41531,1.7,2.19,-0.57,-3.17,0.79,17.77,11.22,11.47,0,0.93,0.23,15.42,1116094163,3,74615.49707,3,2.81,1,96.03,14.85,0.75,2,3,3,TRUE
F00000020Z,ASI Asia Pacific Equity Z Acc,4,4,Asia-Pacific ex-Japan Equity,1.33161,1.71,2.26,-0.38,-2.74,1.41,18.88,12.31,12.57,0,0.21,0.23,15.42,1116094163,3,74615.49707,3,3.79,1,96.03,14.86,0.82,2,3,3,FALSE
F0GBR04S1Q,ASI Emerging Markets Eq Enh Index A Acc,3,3,Global Emerging Markets Equity,2.13443,2.7,1.76,-2.46,-1.93,3.19,14.35,6.63,9.07,0,0.65,0.27,7.33,120635301,2,34795.15737,3,-1.02,1,97.75,15.05,0.48,2,3,3,FALSE
F0GBR06HZ6,ASI Emerging Markets Eq Enh Index B Acc,3,3,Global Emerging Markets Equity,2.13443,2.7,1.77,-2.45,-1.93,3.19,14.35,6.63,9.07,0,0.65,0.27,7.33,120635301,2,34795.15737,3,-1.02,1,97.76,15.05,0.48,2,3,3,FALSE
F00000XKWA,ASI Emerging Markets Eq Enh Index X Acc,3,3,Global Emerging Markets Equity,2.50959,2.71,1.8,-2.35,-1.71,3.5,14.87,7.12,9.55,0,0.2,0.27,7.33,120635301,2,34795.15737,3,-0.56,1,97.74,15.04,0.51,2,3,3,FALSE
F0GBR04G73,ASI Emerging Markets Equity A Acc,3,4,Global Emerging Markets Equity,0.197,2.13,1.96,-0.11,-2.8,1.33,21.15,10.84,7.98,2,1.39,0.21,34.5,1169827071,3,75106.02899,4,2.46,1.08,94.57,17.35,0.66,2,3,3,TRUE
F00000XWO9,ASI Emerging Markets Equity G Acc,4,4,Global Emerging Markets Equity,0.62537,2.14,2.01,-0.01,-2.59,1.63,21.68,11.36,,0,0.94,0.21,34.5,1169827071,3,75106.02899,4,2.93,1.08,94.55,17.36,0.69,2,3,3,FALSE
F0GBR052WL,ASI Emerging Markets Equity I Acc,4,4,Global Emerging Markets Equity,0.62477,2.14,2,0,-2.59,1.63,21.68,11.36,8.61,2,0.94,0.21,34.5,1169827071,3,75106.02899,4,2.93,1.08,94.56,17.36,0.69,2,3,3,TRUE
F000000219,ASI Emerging Markets Equity Z Acc,4,4,Global Emerging Markets Equity,1.49939,2.15,2.07,0.18,-2.19,2.23,22.77,12.42,9.67,0,0.21,0.21,34.5,1169827071,3,75106.02899,4,3.88,1.08,94.55,17.37,0.74,2,3,3,FALSE
F00000P988,ASI Emerging Markets Income Eq I Acc,4,4,Global Emerging Markets Equity,2.0443,2.25,1.21,-1.27,-2.24,3.71,22.1,10.46,11.46,0,0.88,0.13,7.25,876172138,1,37465.23532,4,1.91,1.07,95.27,16.53,0.65,2,1,3,FALSE
F00000P98A,ASI Emerging Markets Income Eq P1 Acc,4,4,Global Emerging Markets Equity,2.00028,2.26,1.21,-1.27,-2.34,3.63,22.02,10.4,11.39,0,0.93,0.13,7.25,876172138,1,37465.23532,4,1.92,1.06,95.38,16.4,0.65,2,1,3,FALSE
F00000P986,ASI Emerging Markets Income Eq R Acc,4,4,Global Emerging Markets Equity,1.62574,2.26,1.17,-1.33,-2.44,3.38,21.55,10.06,11,4,1.35,0.13,7.25,876172138,1,37465.23532,4,1.53,1.07,95.17,16.54,0.62,2,1,3,FALSE
F00000Z77Y,Aubrey Global Emerging Markets Opps IC1€,5,2,Global Emerging Markets Equity,0,3.99,6.81,7.79,1.37,9.63,19.7,20.42,,0,1.22,0.26,6.5,333710046,3,15357.36956,5,10.44,0.98,69.21,19.78,0.76,2,3,,FALSE
F00000VMUC,Aubrey Global Emerging Markets Opps IC1$,5,2,Global Emerging Markets Equity,0,4.99,6.68,4.8,-0.28,6.32,19.97,21.22,18.15,0,1.22,0.26,6.5,332319473,3,15357.36956,5,10.44,0.98,69.48,19.74,0.76,2,3,3,FALSE
F00000XA3Q,Aubrey Global Emerging Markets Opps RC1£,5,2,Global Emerging Markets Equity,0,4.09,7.18,7.3,0.55,5.06,15.37,18.72,17.24,0,1.22,0.26,6.5,332887564,3,15357.36956,5,10.44,0.98,69.21,19.78,0.76,2,3,3,FALSE
F0000000PW,Aviva Investors Asian Eq Inc A USD Acc,3,4,Asia-Pacific ex-Japan Equity Income,0,2.97,1.54,-4.28,-4.75,2.25,18.05,8.68,7.22,5,1.74,0.09,6.67,442224740,1,53830.33003,2,3.3,0.97,87.81,13.85,0.46,2,1,3,FALSE
F0GBR04FJJ,Aviva Investors Asian Eq Inc B USD Acc,3,4,Asia-Pacific ex-Japan Equity Income,0,2.97,1.51,-4.34,-4.87,2.08,17.76,8.41,6.95,5,1.99,0.09,6.67,442224740,1,53830.33003,2,3.05,0.97,87.81,13.85,0.44,2,1,3,FALSE
F0000000PU,Aviva Investors EM Eq Inc A USD Acc,1,3,Global Emerging Markets Equity,0,3.2,0.92,-6.87,-7.03,0.82,17.42,5.7,4.64,5,1.94,0.14,2.42,823790002,1,27467.39461,2,-3.93,0.96,95.49,14.66,0.27,2,1,3,FALSE
F000000HFE,Aviva Investors EM Eq Inc B EUR Acc,1,3,Global Emerging Markets Equity,0,2.12,0.74,-4.91,-5.85,3.88,16.7,4.61,3.07,5,2.19,0.14,2.42,823790002,1,27467.39461,2,-4.25,0.97,94.4,14.83,0.25,2,1,3,FALSE
F0GBR04FJF,Aviva Investors EM Eq Inc B USD Acc,1,3,Global Emerging Markets Equity,0,3.19,0.9,-6.93,-7.15,0.65,17.13,5.44,4.38,5,2.19,0.14,2.42,823790002,1,27467.39461,2,-4.18,0.96,95.49,14.65,0.25,2,1,3,FALSE
F0GBR04DFR,AXA Framlington Emerging Mkts R GBP Acc,3,4,Global Emerging Markets Equity,0,2.81,3.21,-1.68,-3.84,0.35,10.74,8.43,8.13,5.25,1.64,0.19,0.83,100654736,3,45344.421,3,0.55,1.02,91.4,16.89,0.53,2,3,3,FALSE
F00000P781,AXA Framlington Emerging Mkts Z GBP Acc,3,4,Global Emerging Markets Equity,0.26377,2.86,3.27,-1.48,-3.49,0.84,11.52,9.26,8.94,0,0.89,0.19,0.83,100654736,3,45344.421,3,1.31,1.02,91.4,16.89,0.58,2,3,3,TRUE
F0GBR04CDP,AXA Rosenberg Asia Pacific ex Japan R,2,3,Asia-Pacific ex-Japan Equity,1.06557,2.49,1.57,-3.93,-4.87,3.49,13.38,4.01,7.58,5,1.57,0.38,29.67,178849765,1,35083.08987,3,-4.15,1,96.71,14.56,0.29,2,3,3,FALSE
F0GBR04CDN,AXA Rosenberg Asia Pacific ex Japan Z,3,3,Asia-Pacific ex-Japan Equity,1.79725,2.51,1.62,-3.76,-4.53,4.01,14.24,4.79,8.38,0,0.82,0.38,29.67,178849765,1,35083.08987,3,-3.4,1,96.69,14.56,0.34,2,3,3,FALSE
F00000021B,AXA Rosenberg Glb Em Mkts Eq Alp A $ Acc,3,3,Global Emerging Markets Equity,0,3.14,1.55,-6.71,-5.06,1.94,14.25,7.68,9.01,0,1,0.65,15.25,64619800,1,29279.68536,3,-1.64,0.95,96.46,14.35,0.42,3,3,3,FALSE
F00000021D,AXA Rosenberg Glb Em Mkts Eq Alp B $ Acc,2,3,Global Emerging Markets Equity,0,3.16,1.53,-6.82,-5.35,1.53,13.56,6.94,8.24,4.5,1.65,0.65,15.25,64619800,1,29279.68536,2,-2.33,0.95,96.53,14.34,0.38,3,3,3,FALSE
F000001FSI,AXAWF Fram Emerging Markets A Cap EUR,3,5,Global Emerging Markets Equity,0,3.2,3.08,-1.36,-1.19,5.76,14.81,10.63,7.69,5.5,1.86,0.21,10.75,197494745,3,45705.05346,3,1.37,0.98,90.98,16.51,0.58,3,3,3,FALSE
F000001FSJ,AXAWF Fram Emerging Markets A Cap USD,3,5,Global Emerging Markets Equity,0,4.19,2.95,-4.1,-2.78,2.58,15.08,11.37,9.03,5.5,1.86,0.21,10.75,197270000,3,45705.05346,3,1.39,0.98,90.94,16.54,0.58,3,3,3,FALSE
F000001FSL,AXAWF Fram Emerging Markets E Cap EUR,3,5,Global Emerging Markets Equity,0,3.19,3.01,-1.54,-1.56,5.22,13.95,9.8,6.88,0,2.61,0.21,10.75,197494745,3,45705.05346,3,0.62,0.98,90.99,16.5,0.53,3,3,3,FALSE
F000001X5P,AXAWF Fram Emerging Markets F Cap EUR,3,5,Global Emerging Markets Equity,0,3.22,3.14,-1.17,-0.82,6.29,15.68,11.46,8.49,2,1.11,0.21,10.75,197494745,3,45705.05346,3,2.12,0.98,90.98,16.52,0.62,3,3,3,FALSE
F000001FSM,AXAWF Fram Emerging Markets F Cap USD,3,5,Global Emerging Markets Equity,0,4.21,3.02,-3.92,-2.41,3.09,15.94,12.2,9.83,2,1.11,0.21,10.75,197270000,3,45705.05346,3,2.12,0.98,90.94,16.55,0.62,3,3,3,FALSE
F0GBR04RN8,Baillie Gifford Emerging Mkts Gr A Acc,4,2,Global Emerging Markets Equity,0.69489,2.05,1.22,-4.07,-8.4,-2.69,16.57,12.41,13.47,0,1.52,0.11,6.67,1566574000,2,68436.82988,5,3.77,1.14,94.53,18.36,0.72,2,3,3,FALSE
F0GBR04RNE,Baillie Gifford Emerging Mkts Gr B Acc,5,2,Global Emerging Markets Equity,1.38235,2.06,1.3,-3.89,-8.03,-2.25,17.42,13.25,14.32,0,0.78,0.11,6.67,1566574000,2,68436.82988,5,4.52,1.15,94.53,18.37,0.76,2,3,3,TRUE
F0GBR06OCI,Baillie Gifford Em Mkts Lead Coms A Acc,5,3,Global Emerging Markets Equity,0.38585,2.49,2.56,-1.74,-6.21,-1.66,16.8,14.78,15.04,0,1.52,0.06,11.67,1145764000,2,76604.5869,5,5.9,1.12,93.76,17.72,0.85,2,3,3,FALSE
F0GBR06OCJ,Baillie Gifford Em Mkts Lead Coms B Acc,5,3,Global Emerging Markets Equity,1.06975,2.51,2.62,-1.55,-5.85,-1.17,17.69,15.64,15.91,0,0.77,0.06,11.67,1145764000,2,76604.5869,5,6.65,1.12,93.76,17.74,0.89,2,3,3,FALSE
F0000108JW,Baillie Gifford Em Mkts Lead Coms G Acc,5,3,Global Emerging Markets Equity,1.17821,2.52,2.64,-1.51,-5.78,-1.08,17.83,15.79,,0,0.65,0.06,11.67,1145764000,2,76604.5869,4,6.78,1.12,93.77,17.73,0.9,2,3,3,FALSE
F0GBR04RMY,Baillie Gifford Pacific A,5,1,Asia ex-Japan Equity,0,3.02,3.54,3.37,-1.21,11.13,31.79,23.97,21.99,0,1.55,0.21,11.25,3524433000,2,13324.70762,5,13.23,1.1,87.43,17.99,1.26,2,3,3,FALSE
F0GBR04RN1,Baillie Gifford Pacific B Acc,5,1,Asia ex-Japan Equity,0.31078,3.02,3.54,3.61,-0.76,11.76,32.87,25.02,23.02,0,0.71,0.21,11.25,3524433000,2,13324.70762,5,14.1,1.1,87.41,18,1.3,2,3,3,TRUE
F00000X3XG,Baillie Gifford WW EM LdgComs B EUR Acc,5,3,Global Emerging Markets Equity,0,2.07,1.79,-1.69,-5.22,3.37,21.58,16.97,15.36,0,0.82,-0.12,10.5,491663932,2,88017.95499,5,6.21,1.13,95.24,17.77,0.87,2,3,3,FALSE
F00000X3XH,Baillie Gifford WW EM LdgComs B USD Acc,5,3,Global Emerging Markets Equity,0,3.14,1.72,-4.21,-7.01,-0.05,22.01,17.84,16.76,0,0.82,-0.12,10.5,491663933,2,88017.95499,5,6.17,1.12,95.92,17.75,0.87,2,3,3,FALSE
F00000OZUU,Baillie Gifford WW EM LdgComs C YEN Acc,5,3,Global Emerging Markets Equity,0,3.02,2.57,-3.88,-3.97,7.22,27.19,18.32,18.95,0,0.1,-0.12,10.5,491663933,2,88017.95499,4,7.12,1.1,95.38,17.34,0.93,2,3,3,FALSE
F00000LVTQ,Barings Global Emerging Mkts A Acc,3,4,Global Emerging Markets Equity,0,3.44,1.74,-4.85,-8.02,-2.8,9.74,8.66,9.66,5,1.95,0.17,8.25,431059963,2,50795.84974,4,-1.89,1.06,94.26,16.84,0.41,3,3,3,FALSE
F00000LJYQ,Barings Global Emerging Mkts I Acc,3,4,Global Emerging Markets Equity,0,3.44,1.82,-4.63,-7.58,-2.19,10.77,9.68,10.68,0,1.11,0.17,8.25,431059963,2,50795.84974,4,-0.95,1.06,94.3,16.85,0.46,3,3,3,TRUE
F00000MF4V,Barings Global Emerging Mkts I EUR Acc,3,4,Global Emerging Markets Equity,0,2.48,1.98,-2.07,-6.08,1.15,10.23,8.92,9.57,0,1,0.17,8.25,431059963,2,50795.84974,4,-0.95,1.06,93.8,16.86,0.46,3,3,3,FALSE
F00000MBV3,Barings Global Emerging Mkts I GBP Acc,3,4,Global Emerging Markets Equity,0,2.58,2.66,-2.14,-6.69,-3.39,6.21,7.15,9.74,0,1.95,0.17,8.25,431059963,2,50795.84974,4,-0.99,1.07,94.26,16.89,0.46,3,3,3,TRUE
F000001ZUY,Barings Global Emerging Mkts X USD Acc,3,4,Global Emerging Markets Equity,0,3.45,1.89,-4.45,-7.24,-1.7,11.58,10.52,11.54,0,0.71,0.17,8.25,431059963,2,50795.84974,4,-0.2,1.06,94.28,16.85,0.51,3,3,3,FALSE
F00000NYND,Barings ASEAN Frontiers A USD Acc,5,2,ASEAN Equity,0,2.17,4.86,3.48,4.06,13.97,30.09,12.44,9.31,5,1.7,0.71,13.08,393621161,2,5687.94985,5,12.79,1.03,84.79,19.34,0.59,3,3,3,FALSE
F00000LZ2F,Barings ASEAN Frontiers I EUR Acc,5,2,ASEAN Equity,0,1.22,5.07,6.43,6.1,18.4,30.37,12.42,8.73,0,1,0.71,13.08,393621161,2,5687.94985,5,13.52,1.04,84.99,19.33,0.62,3,3,3,FALSE
F00000LPMF,Barings ASEAN Frontiers I GBP Acc,5,2,ASEAN Equity,0,1.35,5.8,6.37,5.43,13.09,25.62,10.62,9.12,0,1,0.71,13.08,393621161,2,5687.94985,5,13.49,1.04,86.32,19.34,0.62,3,3,3,TRUE
F00000NGLU,Barings ASEAN Frontiers I USD Acc,5,2,ASEAN Equity,0,2.18,4.92,3.67,4.43,14.51,31.01,13.23,10.03,0,1,0.71,13.08,393621161,2,5687.94985,5,13.49,1.03,84.79,19.35,0.62,3,3,3,FALSE
F00000NGLV,Barings Asia Growth I EUR Acc,5,3,Asia ex-Japan Equity,0,2.74,2.68,3.81,0.27,12.22,27.36,20.83,16.48,0,1.12,0.59,3.25,163106215,3,41310.14563,5,8.75,1.12,93.55,17.57,1.04,3,3,3,FALSE
F00000NGLT,Barings Asia Growth I USD Acc,5,3,Asia ex-Japan Equity,0,3.72,2.53,1.11,-1.3,8.55,27.99,21.73,17.89,0,1.11,0.59,3.25,163106215,3,41310.14563,4,8.82,1.11,93.03,17.62,1.04,3,3,3,TRUE
F00000NGLW,Barings Asia Growth ClassI GBP Acc,5,3,Asia ex-Japan Equity,0,2.87,3.39,3.76,-0.36,7.21,22.73,18.93,16.91,0,0.8,0.59,3.25,163106215,3,41310.14563,5,8.79,1.11,93.32,17.58,1.04,3,3,3,FALSE
F00000NYNC,Barings Hong Kong China A USD Acc,4,4,China Equity,0,3.21,0.99,-8.63,-16.55,-7.06,8.8,17.62,14.85,5,1.7,0.67,10.67,1600699816,3,35445.3142,4,8.47,1.06,91.4,20.65,0.74,3,3,3,FALSE
F00000NGM5,Barings Hong Kong China I GBP Acc,4,4,China Equity,0,2.39,1.9,-6.07,-15.45,-7.78,5.08,15.73,14.66,0,1.1,0.67,10.67,1600699816,3,35445.3142,4,9.19,1.06,91.01,20.63,0.77,3,3,3,TRUE
F00000NGM3,Barings Hong Kong China I USD Acc,4,4,China Equity,0,3.23,1.05,-8.46,-16.25,-6.62,9.57,18.45,15.61,0,1.11,0.67,10.67,1600699816,3,35445.3142,4,9.18,1.06,91.4,20.66,0.77,3,3,3,TRUE
F00000SIZJ,BL-Equities Asia B USD,1,2,Asia ex-Japan Equity,0,3.23,1.82,-5.84,-4.12,-0.88,8.74,6.23,5.59,5,1.48,0.16,2.42,522311290,2,24257.12712,1,-2.7,0.84,94.84,12.63,0.34,3,3,3,FALSE
F00000SIZH,BL-Equities Asia BC EUR,1,2,Asia ex-Japan Equity,0,2.26,1.95,-3.15,-2.53,2.2,8.51,5.53,4.3,5,1.47,0.16,2.42,522311290,2,24257.12712,1,-2.71,0.85,94.81,12.65,0.34,3,3,3,FALSE
F00000YIFE,BL-Equities Asia BCM EUR,2,2,Asia ex-Japan Equity,0,2.27,1.98,-3.05,-2.33,2.47,8.94,5.84,,5,1.03,0.19,2.42,522311290,2,24257.12712,1,-2.42,0.85,94.67,12.68,0.37,3,3,3,FALSE
0P00019Q4B,BL-Equities Asia BCM EUR USD,2,2,Asia ex-Japan Equity,0,3.24,1.85,-5.75,-3.93,-0.62,9.17,6.54,,5,1.03,0.19,2.42,522311290,2,24257.12712,1,-2.42,0.85,94.67,12.66,0.37,3,3,3,FALSE
F00000YIFD,BL-Equities Asia BM USD,2,2,Asia ex-Japan Equity,0,3.23,1.85,-5.75,-3.93,-0.62,9.17,6.66,,5,1.08,0.16,2.42,522311290,2,24257.12712,1,-2.3,0.84,94.83,12.63,0.38,3,3,3,FALSE
F00000SKJ3,BL-Equities Asia BR USD,1,2,Asia ex-Japan Equity,0,3.21,1.71,-6.12,-4.63,-1.55,7.98,6.5,5.74,5,1,0.14,2.42,522311290,2,24257.12712,1,-2.45,0.84,94.79,12.64,0.36,3,3,3,FALSE
F00000Q3QK,BlackRock Asia A Acc GBP,3,2,Asia ex-Japan Equity,0.3519,2,1.66,-1.47,-6.02,1.09,13.11,8.58,9.71,5,1.73,0.6,1.42,118735930,2,43209.01345,3,0.19,1.05,95.01,16,0.57,3,3,3,FALSE
F00000Q3QL,BlackRock Asia D Acc GBP,3,2,Asia ex-Japan Equity,0.74305,2.02,1.74,-1.26,-5.68,1.61,13.93,9.39,10.54,0,0.98,0.6,1.42,118735930,2,43209.01345,3,0.95,1.05,94.98,16,0.62,3,3,3,FALSE
F00000VRZY,BlackRock Asia Z Acc GBP,3,2,Asia ex-Japan Equity,0.91975,1.98,1.75,-1.26,-5.61,1.75,14.15,9.61,10.74,0,0.78,0.6,1.42,118735930,2,43209.01345,3,1.16,1.04,94.97,15.96,0.63,3,3,3,FALSE
F00000TEFD,BlackRock Asia Special Situations A Acc,2,3,Asia ex-Japan Equity,0.46618,1.84,1.44,-2.72,-11.27,-2.68,13.48,8.79,8.95,5,1.76,1.68,7.42,83555202,2,34487.08753,3,0.43,1.04,91.66,16.44,0.57,3,1,3,FALSE
F00000TEFE,BlackRock Asia Special Situations D Acc,2,3,Asia ex-Japan Equity,0.81631,1.87,1.49,-2.54,-10.93,-2.19,14.35,9.6,9.77,0,1.02,1.68,7.42,83555202,2,34487.08753,3,1.17,1.04,91.76,16.43,0.61,3,1,3,FALSE
F0GBR04RTO,BlackRock Emerging Markets A Acc,5,2,Global Emerging Markets Equity,0,1.68,1.32,-2.76,-6.25,3.1,18,13.16,12.59,5,1.7,1.13,4.5,887329986,2,28748.38339,4,5.08,1.03,92.31,16.08,0.84,3,3,3,FALSE
F00000ZY4J,BlackRock EM Alpha Tilts D Acc USD,3,3,Global Emerging Markets Equity,0,3.52,0.69,-6.24,-3.33,2.41,17.21,9.88,,0,0.94,1.47,3.75,342195246,2,33998.75321,3,-0.27,1.03,98.53,15.83,0.52,3,3,3,FALSE
F00000ZY4L,BlackRock EM Alpha Tilts Flex Acc USD,3,3,Global Emerging Markets Equity,0,3.53,0.77,-6.03,-2.9,3,18.16,10.19,,0,0.1,1.47,3.75,342195246,2,33998.75321,3,0.01,1.03,98.55,15.85,0.54,3,3,3,FALSE
F00000ZY4K,BlackRock EM Alpha Tilts Inst Acc USD,3,3,Global Emerging Markets Equity,0,3.52,0.7,-6.22,-3.29,2.45,17.23,9.47,,0,0.89,1.47,3.75,342195246,2,33998.75321,3,-0.64,1.03,98.53,15.83,0.5,3,3,3,FALSE
F00000ZY4M,BlackRock EM Alpha Tilts Z Acc USD,3,3,Global Emerging Markets Equity,0,3.53,0.72,-6.17,-3.19,2.59,17.46,9.53,,0,0.69,1.47,3.75,342195246,2,33998.75321,3,-0.59,1.03,98.55,15.84,0.5,3,3,3,FALSE
F00000MJPP,BlackRock Emerging Markets D Acc,5,2,Global Emerging Markets Equity,0.57188,1.7,1.39,-2.57,-5.89,3.63,18.89,14.01,13.44,0,0.95,1.13,4.5,887329986,2,28748.38339,4,5.83,1.03,92.3,16.1,0.88,3,3,3,TRUE
F000010KU9,BlackRock Emerging Markets X Acc,5,2,Global Emerging Markets Equity,1.27613,1.75,1.46,-2.35,-5.46,4.23,19.95,14.98,,0,0.05,1.13,4.5,887329986,2,28748.38339,4,6.67,1.03,92.3,16.09,0.94,3,3,3,FALSE
F000010UK9,BlackRock Advtg Asia ex Jpn Eq A USD Acc,3,3,Asia ex-Japan Equity,0,3.13,1.51,-4.97,-6.67,2.75,20.17,11.27,,,1,1.17,3.17,11008081,2,39087.89213,3,0.5,1.02,96.69,15.44,0.6,3,3,3,FALSE
F000010TKC,BlackRock Advtg Asia ex Jpn Eq X USD Acc,4,3,Asia ex-Japan Equity,0,3.15,1.6,-4.72,-6.19,3.45,21.38,12.39,,,0,1.17,3.17,11008081,2,39087.89213,3,1.5,1.03,96.69,15.45,0.66,3,3,3,FALSE
F000010UKA,BlackRock Advtg Em Mkts Eq A USD Acc,3,3,Global Emerging Markets Equity,0,3.14,1.33,-5.7,-4.06,2.53,18.48,9.24,,,1.2,1.41,,27098108,2,33950.61159,3,-0.9,1.02,97.4,15.7,0.48,3,3,3,FALSE
F000010TL5,BlackRock Advtg Em Mkts Eq X USD Acc,4,3,Global Emerging Markets Equity,0,3.16,1.44,-5.41,-3.47,3.36,19.91,10.56,,,0,1.41,,27098108,2,33950.61159,3,0.3,1.02,97.4,15.72,0.55,3,3,3,FALSE
F00000P0C9,BGF Asia Pacific Equity Inc A2 GBP,2,3,Asia-Pacific ex-Japan Equity Income,0,2.2,2.53,0.32,-2.21,3.26,20.3,4.12,5.75,5,1.87,0.49,2.33,126073523,2,21566.32069,3,1.13,1.04,88.32,14.79,0.3,3,1,3,FALSE
F000004466,BGF Asia Pacific Equity Inc A2 USD,2,3,Asia-Pacific ex-Japan Equity Income,0,2.9,2.26,-1.54,-2.95,4.68,25.32,6.67,6.55,5.2632,1.87,0.49,2.33,126073523,2,21566.32069,4,1.35,1.02,87.28,14.43,0.32,3,1,3,FALSE
F00000MHJ3,BGF Asia Pacific Equity Inc D2 USD,3,3,Asia-Pacific ex-Japan Equity Income,0,2.94,2.36,-1.35,-2.58,5.2,26.28,7.49,7.35,5.2632,1.12,0.49,2.33,126073523,2,21566.32069,4,2.09,1.02,87.36,14.44,0.37,3,1,3,FALSE
F00000Y7T7,BGF Asia Pacific Equity Inc I2 USD,2,3,Asia-Pacific ex-Japan Equity Income,0,2.92,2.35,-1.27,-2.44,5.42,26.63,7.76,,0,0.85,0.49,2.33,126073523,2,21566.32069,3,2.38,1.02,87.32,14.42,0.39,3,1,3,FALSE
F0GBR04AMA,BGF Asian Dragon A2,3,2,Asia ex-Japan Equity,0,2.99,1.35,-3.52,-6.66,1.81,17.09,10.73,10.13,5.2632,1.84,0.7,1.42,854654115,2,49859.14809,4,-0.03,1.02,96.67,15.39,0.56,3,1,3,FALSE
0P0000VHJT,BGF Asian Dragon A2 EUR,3,2,Asia ex-Japan Equity,0,1.99,1.2,-1.46,-5.35,5.05,16.67,9.87,8.84,5.26,1.84,0.7,1.42,854654115,2,49859.14809,4,-0.03,1.02,96.67,15.54,0.55,3,1,3,FALSE
0P0000VHJU,BGF Asian Dragon A2 GBP,3,2,Asia ex-Japan Equity,0,2.3,1.63,-1.74,-6,0.4,12.39,8.07,9.3,5.26,1.84,0.7,1.42,854654115,2,49859.14809,4,-0.03,1.02,96.67,15.77,0.54,3,1,3,FALSE
F000002MOA,BGF Asian Dragon D2,4,2,Asia ex-Japan Equity,0,3,1.42,-3.36,-6.31,2.32,17.99,11.56,10.96,5.2632,1.09,0.7,1.42,854654115,2,49859.14809,4,0.73,1.02,96.68,15.39,0.61,3,1,3,TRUE
0P0000VHJV,BGF Asian Dragon D2 EUR,4,2,Asia ex-Japan Equity,0,1.99,1.24,-1.28,-4.99,5.57,17.55,10.68,9.65,5.26,1.09,0.7,1.42,854654115,2,49859.14809,4,0.73,1.02,96.68,15.55,0.6,3,1,3,FALSE
0P0000X197,BGF Asian Dragon D2 GBP,4,2,Asia ex-Japan Equity,0,2.3,1.68,-1.56,-5.65,0.9,13.24,8.89,10.12,5.26,1.09,0.7,1.42,854654115,2,49859.14809,4,0.73,1.02,96.68,15.78,0.59,3,1,3,FALSE
F00000VMS7,BGF Asian Dragon I2,3,2,Asia ex-Japan Equity,0,3.01,1.45,-3.29,-6.21,2.44,18.28,11.84,11.24,0,0.83,0.7,1.42,854654115,2,49859.14809,3,0.98,1.02,96.67,15.41,0.62,3,1,3,FALSE
0P00016ACQ,BGF Asian Dragon I2 EUR,3,2,Asia ex-Japan Equity,0,2.03,1.29,-1.19,-4.86,5.78,17.89,10.96,9.94,0,0.83,0.7,1.42,854654115,2,49859.14809,3,0.98,1.02,96.67,15.58,0.62,3,1,3,FALSE
F00000OZSO,BGF Asian Growth Leaders A2 USD,2,3,Asia ex-Japan Equity,0,2.78,0.83,-4.6,-11.48,-0.74,19.02,11.7,9.81,5.2632,1.84,1.39,8.92,1042864224,2,34636.60752,3,1,0.98,92.28,15.48,0.61,3,1,3,FALSE
F00000P9WJ,BGF Asian Growth Leaders D2,3,3,Asia ex-Japan Equity,0,2.83,0.94,-4.41,-11.15,-0.22,19.91,12.55,10.64,5.2632,1.09,1.39,8.92,1042864224,2,34636.60752,3,1.78,0.98,92.36,15.45,0.66,3,1,3,FALSE
0P0001A8SO,BGF Asian Growth Leaders D2 EUR,3,3,Asia ex-Japan Equity,0,1.85,0.8,-2.33,-9.85,3.01,19.51,11.67,,5.26,1.09,1.39,8.92,1042864224,2,34636.60752,3,1.78,0.98,92.36,15.52,0.65,3,1,3,FALSE
F00000X7B4,BGF Asian Growth Leaders D2 GBP,3,3,Asia ex-Japan Equity,0,2.11,1.2,-2.61,-10.48,-1.57,15.08,9.85,9.81,5,1.09,1.39,8.92,1042864224,2,34636.60752,3,1.52,1,92.06,15.78,0.64,3,1,3,FALSE
F00000U1TB,BGF Asian Growth Leaders I2,3,3,Asia ex-Japan Equity,0,2.81,0.94,-4.34,-11.01,-0.05,20.21,12.83,10.92,0,0.82,1.39,8.92,1042864224,2,34636.60752,3,2,0.99,92.35,15.49,0.67,3,1,3,FALSE
0P0001FGAS,BGF Asian Growth Leaders I2 EUR,3,3,Asia ex-Japan Equity,0,1.81,0.8,-2.28,-9.79,3.16,19.84,11.93,,0,0.82,1.39,8.92,1042864224,2,34636.60752,3,2,0.99,92.35,15.55,0.66,3,1,3,FALSE
F00000ZQFB,BGF China Flexible Equity A2 USD,3,3,China Equity,0,0.08,-4.62,-11.13,-17.95,-8.41,1.78,9.96,,5,1.91,0.94,2.33,22994397,3,32923.33925,3,2.73,0.99,90.34,18.49,0.48,3,1,3,FALSE
F00000ZQFC,BGF China Flexible Equity D2 USD,3,3,China Equity,0,0.16,-4.57,-10.98,-17.65,-7.92,2.58,10.79,,5,1.16,0.94,2.33,22994397,3,32923.33925,4,3.48,0.99,90.41,18.48,0.52,3,1,3,FALSE
F00000ZQFD,BGF China Flexible Equity I2 USD,3,3,China Equity,0,0.16,-4.52,-10.93,-17.53,-7.77,2.8,11.11,,0,0.89,0.94,2.33,22994397,3,32923.33925,4,3.77,0.99,90.31,18.53,0.53,3,1,3,FALSE
F00000ZQFF,BGF China Flexible Equity Z2 USD,3,3,China Equity,0,0.16,-4.52,-10.94,-17.5,-7.78,2.81,11.05,,0,0.91,0.94,2.33,22994397,3,32923.33925,4,3.72,0.99,90.38,18.47,0.53,3,1,3,FALSE
F00000204T,BGF China A2,4,4,China Equity,0,2.51,-0.6,-8.18,-18.08,-5.76,8.25,13.28,10.95,5.2632,1.84,1.58,2.33,1173916390,3,29788.56015,3,5.51,0.97,90.57,18.06,0.64,3,1,3,FALSE
0P00015U4F,BGF China A2 EUR,4,4,China Equity,0,1.55,-0.71,-6.18,-16.92,-2.71,7.94,12.39,9.66,5.26,1.84,1.58,2.33,1173916389,3,29788.56015,3,5.51,0.97,90.57,18.15,0.63,3,1,3,FALSE
F00000WOQ5,BGF China A2 HKD,4,4,China Equity,0,2.31,-0.63,-7.99,-17.95,-5.54,8.58,12.89,10.99,5,1.84,1.61,2.33,1173916390,3,29788.56015,3,5.5,0.96,90.54,18.03,0.64,3,1,3,FALSE
F00000OSTT,BGF China D2 HKD,3,4,China Equity,0,2.32,-0.59,-7.83,-17.64,-5.05,9.38,13.73,11.81,5,1.09,1.61,2.33,1173916390,3,29788.56015,3,6.25,0.96,90.54,18.03,0.68,3,1,3,FALSE
F0000021KV,BGF China D2 USD,4,4,China Equity,0,2.55,-0.51,-7.97,-17.76,-5.26,9.11,14.13,11.8,5.2632,1.09,1.58,2.33,1173916390,3,29788.56015,4,6.26,0.97,90.59,18.07,0.68,3,1,3,FALSE
F000005O41,BGF China I2,4,4,China Equity,0,2.55,-0.5,-7.94,-17.67,-5.09,9.39,14.42,12.09,0,0.84,1.58,2.33,1173916390,3,29788.56015,4,6.52,0.97,90.65,18.09,0.69,3,1,3,FALSE
0P0001B89T,BGF China I2 SGD,4,4,China Equity,0,1.89,-1.33,-6.96,-17.12,-3.64,7.53,13.57,,0,0.84,1.58,2.33,1173916390,3,29788.56015,4,6.52,0.97,90.65,18.01,0.69,3,1,3,FALSE
F00000MU9O,BGF Emerging Markets Eq Inc A2,4,3,Global Emerging Markets Equity,0,2.49,2.33,-1.42,-0.49,5.27,26.28,12.19,11.16,5.2632,1.87,0.86,3.42,368709854,2,24916.16776,3,2.18,0.97,93,14.83,0.68,3,1,3,FALSE
F00000N7EJ,BGF Emerging Markets Eq Inc D2,4,3,Global Emerging Markets Equity,0,2.5,2.4,-1.23,-0.14,5.8,27.24,13.01,12.01,5,1.12,0.86,3.42,368709854,2,24916.16776,3,2.93,0.97,93.02,14.82,0.73,3,1,3,FALSE
F0GBR04AR4,BGF Emerging Markets A2,5,2,Global Emerging Markets Equity,0,2.41,1.15,-4.93,-6.58,4.22,22.76,15.66,13.19,5.2632,1.86,0.97,4.5,2156765161,2,28684.59038,3,4.99,1.01,95.09,15.49,0.85,3,1,3,FALSE
0P0001D6ID,BGF Emerging Markets A2 CZK,5,2,Global Emerging Markets Equity,0,0.8,0.67,-3.15,-8.01,4.08,17.72,14.23,,5.26,1.86,0.97,4.5,2156765161,2,28684.59038,3,4.99,1.01,95.09,15.82,0.84,3,1,3,FALSE
0P0001FJJ8,BGF Emerging Markets A2 EUR,5,2,Global Emerging Markets Equity,0,1.42,0.97,-2.9,-5.26,7.55,22.3,14.76,11.86,5.26,1.86,0.97,4.5,2156765160,2,28684.59038,3,4.99,1.01,95.09,15.58,0.85,3,1,3,FALSE
F000000ECD,BGF Emerging Markets D2,5,2,Global Emerging Markets Equity,0,2.43,1.2,-4.76,-6.23,4.75,23.67,16.53,14.03,5.2632,1.11,0.97,4.5,2156765161,2,28684.59038,3,5.74,1.01,95.14,15.49,0.9,3,1,3,FALSE
0P0001FJJ6,BGF Emerging Markets D2 EUR,5,2,Global Emerging Markets Equity,0,1.43,1.03,-2.72,-4.9,8.1,23.23,15.62,12.69,5.26,1.11,0.97,4.5,2156765160,2,28684.59038,3,5.74,1.01,95.14,15.58,0.89,3,1,3,FALSE
F00000YNFI,BGF Emerging Markets I2 EUR Acc,5,2,Global Emerging Markets Equity,0,1.43,1.07,-2.63,-4.76,8.27,23.51,15.91,,0,0.85,0.97,4.5,2156765160,2,28684.59038,3,5.91,1.01,94.87,15.55,0.91,3,1,3,FALSE
F0GBR05ZRD,BGF India A2,3,5,India Equity,0,4.78,7.36,12.09,13.38,24.71,49.83,11.72,10.46,5.2632,2.02,0.48,10.08,315137498,3,20223.62133,4,-2.32,1.04,96.02,24.7,0.45,3,1,3,FALSE
0P0000VHLK,BGF India A2 EUR,3,5,India Equity,0,3.75,7.16,14.5,14.98,28.7,49.28,10.85,9.16,5.26,2.02,0.48,10.08,315137499,3,20223.62133,4,-2.32,1.04,96.02,24.88,0.45,3,1,3,FALSE
F00000NJP4,BGF India D2,3,5,India Equity,0,4.81,7.44,12.31,13.81,25.34,50.94,12.57,11.29,5.2632,1.27,0.48,10.08,315137498,3,20223.62133,4,-1.57,1.04,96.03,24.73,0.48,3,1,3,TRUE
0P0000VHLL,BGF India D2 EUR,3,5,India Equity,0,3.77,7.24,14.71,15.42,29.33,50.4,11.68,9.98,5.26,1.27,0.48,10.08,315137499,3,20223.62133,4,-1.57,1.04,96.03,24.91,0.48,3,1,3,FALSE
F0GBR06TY2,BGF India X2 USD,3,5,India Equity,0,4.8,7.51,12.61,14.39,26.16,52.52,13.71,12.41,0,0.26,0.48,10.08,315137498,3,20223.62133,4,-0.56,1.05,96.02,24.77,0.52,3,1,3,FALSE
F00000ZOT0,BGF Systematic China A-Shr Opps D2,4,2,China Equity - A Shares,0,0.71,-1.94,-4.1,-4.97,-0.32,12.15,22.05,,5,1.09,1.44,3.92,448526764,2,17516.18991,3,1.71,0.96,86.43,17.06,1.09,3,1,3,FALSE
F00001071Q,BIEF Emerging Markets A GBP Acc,4,2,Global Emerging Markets Equity,0.62047,1.43,1.64,-3.35,-7.72,0.09,10.79,10.05,,,1.12,1.17,24.08,,2,28614.24791,4,2.47,1.02,89.7,16.24,0.66,3,1,3,FALSE
F00000WDDU,BSF Emerging Markets Eq Strats A2 USD,2,1,Global Emerging Markets Equity,0,1.74,0.57,-10.74,-3.28,5.18,19.46,4.89,8.43,5.2632,1.59,0.3,6,349616978,1,10248.09695,5,-4.5,1.13,72.46,21.57,0.22,3,1,3,FALSE
F00000WKMS,BSF Emerging Markets Eq Strats D2 EUR,2,1,Global Emerging Markets Equity,0,0.76,0.45,-8.72,-1.67,8.9,19.62,4.54,7.66,5.2632,1.22,0.34,6,349616978,1,10248.09695,5,-4.1,1.14,71.56,21.88,0.24,3,1,3,FALSE
F00000WKMP,BSF Emerging Markets Eq Strats D2 USD,2,1,Global Emerging Markets Equity,0,1.76,0.61,-10.63,-3.04,5.54,20.05,5.41,8.97,5,1.38,0.32,6,349616978,1,10248.09695,5,-4,1.13,72.46,21.58,0.25,3,1,3,FALSE
0P00019Q4B,BL-Equities Asia BCM EUR USD,2,2,Asia ex-Japan Equity,0,3.24,1.85,-5.75,-3.93,-0.62,9.17,6.54,,5,1.03,0.19,2.42,522311290,2,24257.12712,1,-2.42,0.85,94.67,12.66,0.37,3,3,3,FALSE
F00000YIFD,BL-Equities Asia BM USD,2,2,Asia ex-Japan Equity,0,3.23,1.85,-5.75,-3.93,-0.62,9.17,6.66,,5,1.08,0.16,2.42,522311290,2,24257.12712,1,-2.3,0.84,94.83,12.63,0.38,3,3,3,FALSE
F00000SKJ3,BL-Equities Asia BR USD,1,2,Asia ex-Japan Equity,0,3.21,1.71,-6.12,-4.63,-1.55,7.98,6.5,5.74,5,1,0.14,2.42,522311290,2,24257.12712,1,-2.45,0.84,94.79,12.64,0.36,3,3,3,FALSE
F0GBR04SD4,BMO Asia Pacific Equity 1 Acc,2,3,Asia-Pacific ex-Japan Equity,0,1.33,3.77,-1.8,-3.24,0.83,7.66,4.72,8.34,5,1.92,0.33,4,48728088,2,19984.95309,4,-2.66,0.95,84.04,16.24,0.33,2,2,2,FALSE
F0GBR053M6,BMO Asia Pacific Equity 2 Acc,2,3,Asia-Pacific ex-Japan Equity,0.78594,1.4,3.91,-1.56,-2.73,1.51,8.69,5.74,9.38,0,0.93,0.33,4,48728088,2,19984.95309,4,-1.72,0.95,84.1,16.22,0.39,2,2,2,TRUE
F0GBR053M7,BMO Asia Pacific Equity 3 Acc,3,3,Asia-Pacific ex-Japan Equity,1.01801,1.37,3.91,-1.48,-2.59,1.68,9.02,6.11,9.52,0,0.62,0.33,4,48728088,2,19984.95309,4,-1.34,0.95,83.98,16.25,0.41,2,2,2,FALSE
F0GBR04KVU,BMO Emerging Markets Equity 1 Acc,2,4,Global Emerging Markets Equity,0,1.69,3.21,0.73,1.47,2.9,15.43,3.65,5.05,5,2.39,0.97,6.17,14147247,2,31404.32143,3,-3.51,0.95,86.59,15.6,0.27,2,2,2,FALSE
F000003W7I,BMO Emerging Markets Equity 2 Acc,3,4,Global Emerging Markets Equity,0.81055,1.69,3.3,1.03,2.09,3.72,16.72,4.91,6.3,0,1.11,0.97,6.17,14147247,2,31404.32143,3,-2.33,0.95,86.6,15.63,0.34,2,2,2,FALSE
F00000ZGJT,BMO LGM Glbl EmMkts Gr and Inc B EUR Acc,2,5,Global Emerging Markets Equity,0.99315,1.47,3.74,1.68,3.93,8.99,21.65,6.95,,0.5,1.02,0.32,11.25,298556184,2,29762.05092,2,-1.57,0.92,87.88,14.92,0.39,2,1,2,FALSE
F000005HGV,BMO LGM Glbl EmMkts Gr and Inc B USD Acc,3,5,Global Emerging Markets Equity,0.96456,2.45,3.81,-1.15,2.28,5.74,21.96,7.68,7.33,0,1.02,0.32,11.25,298556184,2,29762.05092,2,-1.55,0.92,88.41,14.9,0.39,2,1,2,FALSE
F00000SRPO,BMO LGM Glbl EmMkts Gr and Inc E USD Acc,2,5,Global Emerging Markets Equity,1.40905,2.46,3.89,-0.96,2.68,6.29,22.89,8.49,8.14,0,0.27,0.32,11.25,298556184,2,29762.05092,2,-0.8,0.92,88.4,14.91,0.44,2,1,2,FALSE
F00000XKI7,BMO LGM Glbl EmMkts Gr and Inc W USD Acc,2,5,Global Emerging Markets Equity,0.63912,2.43,3.75,-1.33,1.79,5.11,20.93,6.82,6.5,5.5,1.77,0.32,11.25,298556184,2,29762.05092,2,-2.35,0.92,88.42,14.89,0.34,2,1,2,FALSE
F00000ZQKA,BMO LGM Global Em Mkts Smlr Coms BUSDAcc,1,2,Global Emerging Markets Small/Mid-Cap Equity,0,1.95,3.32,4.82,10.64,15.47,36.58,6.11,,1,1.41,-0.01,4.08,88611856,5,1397.92727,3,-3.48,0.91,84.34,19.65,0.28,2,2,2,FALSE
F00000ZCM6,BMO LGM Global Em Mkts Smlr Coms F USD,1,2,Global Emerging Markets Small/Mid-Cap Equity,0,1.97,3.37,4.98,10.96,15.91,37.37,6.75,,5,0.8,-0.01,4.08,88611856,5,1397.92727,3,-2.88,0.91,84.34,19.65,0.31,2,2,2,FALSE
F00000S3ET,BMO LGM Responsible Asian Eq B USD Acc,2,3,Asia ex-Japan Equity,0,1.55,2.13,-0.72,0.78,7.09,22.29,9.74,9.97,0,1.25,0.6,7.83,1089871,2,13269.7271,3,0.37,0.93,78.78,16.41,0.5,2,1,2,FALSE
F000010FMP,BMO Responsible Glb Em Mkts Eq I Acc USD,3,4,Global Emerging Markets Equity,0,2.02,1.94,-1.71,-0.58,4.49,19.09,9.21,,5,1.06,0.24,5.5,596799048,2,24727.80647,1,0.34,0.81,88.94,12.97,0.52,2,2,2,FALSE
F00000YHVA,BMO Responsible Glb Em Mkts Eq R Acc GBP,3,4,Global Emerging Markets Equity,0,1.33,2.18,0.06,0.13,2.97,14.33,6.72,,0,0.99,0.24,5.5,596799048,2,24727.80647,1,0.38,0.82,87.23,13.18,0.52,2,2,2,FALSE
F00000WXEM,BNPP E MSCI EM ex CW Trk Cl Cap,3,3,Global Emerging Markets Equity,0,3.64,1.59,-4.96,-2.64,2.47,18.37,8.93,9.04,3,1.05,0,5.5,61795951,2,33388.58648,3,-0.94,1,100,14.97,0.48,3,3,3,TRUE
0P00017LBS,BNPP E MSCI EM ex CW Trk Cl Cap EUR,3,3,Global Emerging Markets Equity,0,2.65,1.7,-2.24,-1.03,5.64,18.11,8.21,7.71,3,1.05,0,5.5,62054533,2,33388.58648,3,-0.94,1,100,14.97,0.48,3,3,3,FALSE
F00000WXER,BNPP E MSCI EM ex CW Trk I GBP Cap,3,3,Global Emerging Markets Equity,0,2.76,2.12,-2.51,-1.48,1.72,14.63,7.44,8.96,3,0.35,0,5.5,61901589,2,33388.58648,2,-0.24,1,100,14.98,0.53,3,3,3,TRUE
F00000WXEO,BNPP E MSCI EM ex CW Trk Privl Cap,3,3,Global Emerging Markets Equity,0,3.65,1.65,-4.79,-2.29,2.95,19.2,9.71,9.82,3,0.35,0,5.5,61795951,2,33388.58648,2,-0.23,1,100,14.97,0.53,3,3,3,TRUE
0P00017LBU,BNPP E MSCI EM ex CW Trk Privl Cap EUR,3,3,Global Emerging Markets Equity,0,2.67,1.77,-2.07,-0.69,6.15,18.94,8.99,8.48,3,0.35,0,5.5,62054533,2,33388.58648,2,-0.23,1,100,14.97,0.53,3,3,3,TRUE
F00000PXEJ,BNP Paribas Asia Ex-Jpn Eq C C,2,5,Asia ex-Japan Equity,0,2.76,0.8,-6.2,-8.9,-2.89,14.09,7.94,8.53,3,1.98,0.44,1.5,588710903.2,2,67108.81164,2,-2.03,0.96,96.77,14.45,0.42,3,3,3,TRUE
0P00019L5O,BNP Paribas Asia Ex-Jpn Eq C C SEK,2,5,Asia ex-Japan Equity,0,1.05,0.83,-2.74,-7.06,1.39,12.28,5.68,,3,1.98,0.44,1.5,588710903.2,2,67108.81164,2,-2.03,0.96,96.77,14.63,0.42,3,3,3,FALSE
F00000PXEK,BNP Paribas Asia Ex-Jpn Eq C Eur C,2,5,Asia ex-Japan Equity,0,1.78,0.92,-3.52,-7.41,0.12,13.83,7.22,7.2,3,1.98,0.44,1.5,588710903.2,2,67108.81164,3,-2.1,0.97,96.66,14.61,0.42,3,3,3,TRUE
F00000PXEM,BNP Paribas Asia Ex-Jpn Eq I Eur C,3,5,Asia ex-Japan Equity,0,1.8,1,-3.27,-6.93,0.81,14.99,8.32,8.29,0,0.96,0.44,1.5,588710903.2,2,67108.81164,3,-1.08,0.97,96.66,14.61,0.49,3,3,3,TRUE
F00000PXEO,BNP Paribas Asia Ex-Jpn Eq Privl C,3,5,Asia ex-Japan Equity,0,2.78,0.88,-5.99,-8.49,-2.3,15.12,8.91,9.46,3,1.08,0.44,1.5,588710903.2,2,67108.81164,2,-1.13,0.96,96.77,14.45,0.48,3,3,3,FALSE
0P0000YST2,BNP Paribas Asia Ex-Jpn Eq Privl C EUR,3,5,Asia ex-Japan Equity,0,1.8,0.99,-3.3,-6.99,0.73,14.86,8.2,8.13,3,1.08,0.44,1.5,588710903.2,2,67108.81164,2,-1.13,0.96,96.77,14.61,0.48,3,3,3,TRUE
F00000ZL8C,BNP Paribas China A-Shares C C,3,3,China Equity - A Shares,0,0.89,-3.75,-14.27,-13.31,-10.33,4.29,18.96,11.66,3,2.23,0.15,1.17,103505813.1,3,25882.63254,3,-0.9,0.96,83.93,17.81,0.91,3,3,3,TRUE
0P0001BRMM,BNP Paribas China A-Shares C C HKD,3,3,China Equity - A Shares,0,0.69,-3.76,-14.14,-13.17,-10.13,4.57,18.56,,3,2.23,0.15,1.17,103505813.1,3,25882.63254,3,-0.9,0.96,83.93,17.81,0.91,3,3,3,FALSE
0P0001JN03,BNP Paribas China A-Shares C C JPY,3,3,China Equity - A Shares,0,0.82,-3.12,-13.99,-10.67,-4.49,8.04,18.63,,3,2.23,0.15,1.17,103505813.1,3,25882.63254,3,-0.9,0.96,83.93,17.81,0.91,3,3,3,FALSE
F00000PXIB,BNP Paribas China Eq Cl C,4,4,China Equity,0,2.15,-2.19,-14.33,-16.42,-11.37,-2.66,17.06,15.37,3,2.23,0.18,1.17,1706687686,3,39914.16653,4,8.9,0.95,91.14,18.14,0.82,3,3,3,TRUE
0P0000YWFA,BNP Paribas China Eq Cl C NOK,4,4,China Equity,0,0.08,-3.93,-10.9,-15.01,-10.53,-4.66,18.35,16.22,3,2.23,0.18,1.17,1706687686,3,39914.16653,4,8.9,0.95,91.14,18.14,0.82,3,3,3,TRUE
0P0000YWFB,BNP Paribas China Eq Cl C SEK,4,4,China Equity,0,0.45,-2.16,-11.16,-14.72,-7.46,-4.21,14.61,15.35,3,2.23,0.18,1.17,1706687686,3,39914.16653,4,8.9,0.95,91.14,18.14,0.82,3,3,3,TRUE
F00000PXID,BNP Paribas China Eq I C,4,4,China Equity,0,2.17,-2.1,-14.08,-15.94,-10.7,-1.57,18.38,16.66,0,1.11,0.18,1.17,1706687686,3,39914.16653,4,10.02,0.96,91.14,18.15,0.88,3,3,3,TRUE
0P0000Z5YS,BNP Paribas China Eq I C JPY,4,4,China Equity,0,2.1,-1.46,-13.8,-13.38,-4.88,1.98,18.05,17.94,0,1.11,0.18,1.17,1706687686,3,39914.16653,4,10.02,0.96,91.14,18.15,0.88,3,3,3,TRUE
F00000PXIF,BNP Paribas China Eq Privl C,4,4,China Equity,0,2.17,-2.11,-14.11,-15.99,-10.77,-1.68,18.24,16.48,3,1.23,0.18,1.17,1706687686,3,39914.16653,4,9.91,0.96,91.14,18.15,0.88,3,3,3,TRUE
0P000102QF,BNP Paribas China Eq Privl C EUR,4,4,China Equity,0,1.2,-1.99,-11.66,-14.61,-8,-1.91,17.46,15.07,3,1.23,0.18,1.17,1706687686,3,39914.16653,4,9.91,0.96,91.14,18.15,0.88,3,3,3,FALSE
F00000PXFW,BNP Paribas Emerging Eq Cl C USD,1,4,Global Emerging Markets Equity,0,3.27,1.43,-8.51,-9.23,-5.38,-3.27,3.73,5.48,3,2.22,0.18,4.58,384274003.9,2,31368.01375,3,-5.51,0.98,84.66,16.51,0.15,3,3,3,TRUE
0P0000YWFH,BNP Paribas Emerging Eq Cl C USD NOK,1,4,Global Emerging Markets Equity,0,1.19,-0.38,-4.85,-7.7,-4.49,-5.26,4.87,6.25,3,2.22,0.18,4.58,384274003.9,2,31368.01375,3,-5.51,0.98,84.66,16.51,0.15,3,3,3,TRUE
0P0000YWFI,BNP Paribas Emerging Eq Cl C USD SEK,1,4,Global Emerging Markets Equity,0,1.56,1.45,-5.14,-7.38,-1.21,-4.81,1.55,5.46,3,2.22,0.18,4.58,384274003.9,2,31368.01375,3,-5.51,0.98,84.66,16.51,0.15,3,3,3,TRUE
F00000PXFU,BNP Paribas Emerging Eq Cl Eur C,1,4,Global Emerging Markets Equity,0,2.29,1.54,-5.9,-7.74,-2.45,-3.49,3.04,4.19,3,2.23,0.18,4.58,384274003.9,2,31368.01375,3,-5.51,0.98,84.66,16.51,0.15,3,3,3,TRUE
F00000PXFZ,BNP Paribas Emerging Eq Privl C,2,4,Global Emerging Markets Equity,0,3.29,1.51,-8.28,-8.77,-4.74,-2.3,4.77,6.49,3,1.21,0.18,4.58,384274003.9,2,31368.01375,4,-4.52,0.98,84.68,16.52,0.21,3,3,3,TRUE
0P00011NAQ,BNP Paribas Emerging Eq Privl C EUR,2,4,Global Emerging Markets Equity,0,2.31,1.63,-5.66,-7.27,-1.79,-2.52,4.08,5.2,3,1.21,0.18,4.58,384274003.9,2,31368.01375,4,-4.52,0.98,84.68,16.51,0.21,3,3,3,TRUE
F00000PXFX,BNP Paribas Emerging Eq I C,2,4,Global Emerging Markets Equity,0,3.3,1.52,-8.25,-8.71,-4.67,-2.18,4.89,6.65,0,1.11,0.18,4.58,384274003.9,2,31368.01375,4,-4.4,0.98,84.66,16.52,0.22,3,3,3,TRUE
0P00011NAP,BNP Paribas Emerging Eq I C EUR,2,4,Global Emerging Markets Equity,0,2.31,1.64,-5.63,-7.21,-1.71,-2.4,4.2,5.36,0,1.11,0.18,4.58,384274003.9,2,31368.01375,4,-4.4,0.98,84.66,16.52,0.22,3,3,3,FALSE
F00000PXFY,BNP Paribas Emerging Eq N C,1,4,Global Emerging Markets Equity,0,3.26,1.36,-8.68,-9.57,-5.86,-3.99,2.95,4.69,0,2.97,0.18,4.58,384274003.9,2,31368.01375,3,-6.26,0.98,84.66,16.5,0.11,3,3,3,TRUE
0P000195EU,BNP Paribas Emerging Eq N C EUR,1,4,Global Emerging Markets Equity,0,2.28,1.48,-6.07,-8.08,-2.94,-4.21,2.27,,0,2.97,0.18,4.58,384274003.9,2,31368.01375,3,-6.26,0.98,84.66,16.5,0.11,3,3,3,FALSE
F00000PXIH,BNP Paribas India Eq Cl Cap,2,3,India Equity,0,4.91,7.15,9.46,14.07,19.65,37.67,9.94,7.83,3,2.22,0.54,8.33,208672306.6,3,19448.86581,2,-2.38,0.9,97.18,21.2,0.44,3,3,3,TRUE
0P0000YWFE,BNP Paribas India Eq Cl Cap NOK,2,3,India Equity,0,2.79,5.24,13.84,15.99,20.78,34.83,11.16,8.63,3,2.22,0.54,8.33,208672306.6,3,19448.86581,2,-2.38,0.9,97.18,21.2,0.44,3,3,3,TRUE
0P0000YWFF,BNP Paribas India Eq Cl Cap SEK,2,3,India Equity,0,3.17,7.18,13.49,16.38,24.92,35.48,7.64,7.81,3,2.22,0.54,8.33,208672306.6,3,19448.86581,2,-2.38,0.9,97.18,21.21,0.44,3,3,3,TRUE
F00000PXIJ,BNP Paribas India Eq I Cap,3,3,India Equity,0,4.93,7.25,9.76,14.71,20.56,39.22,11.18,9.04,0,1.11,0.54,8.33,208672306.6,3,19448.86581,2,-1.26,0.9,97.18,21.21,0.49,3,3,3,TRUE
0P00019WV1,BNP Paribas India Eq I Cap EUR,3,3,India Equity,0,3.94,7.38,12.9,16.59,24.29,38.9,10.45,7.71,0,1.11,0.54,8.33,208672306.6,3,19448.86581,2,-1.26,0.9,97.18,21.21,0.49,3,3,3,FALSE
F00000PXIL,BNP Paribas India Eq Priv Cap,3,3,India Equity,0,4.93,7.24,9.73,14.64,20.46,39.04,11.05,8.87,3,1.22,0.54,8.33,208672306.6,3,19448.86581,2,-1.38,0.9,97.18,21.21,0.48,3,3,3,TRUE
F00000W4UU,BNY Mellon Global Emerging Mkts B Acc,5,4,Global Emerging Markets Equity,0,2.64,6.1,6,-3.33,3.22,25.21,18.63,15.13,0,0.99,0.4,0.75,280606435,3,32909.03012,5,9.61,1.09,84.61,18.86,0.99,3,3,3,TRUE
F00000W4UX,BNY Mellon Global Emerging Mkts F Acc,5,4,Global Emerging Markets Equity,0,2.65,6.13,6.08,-3.18,3.41,25.57,18.99,15.46,0,0.69,0.4,0.75,280606435,3,32909.03012,5,9.92,1.09,84.62,18.86,1,3,3,3,TRUE
F00000W4UW,BNY Mellon Global Emerging Mkts Int WAcc,5,4,Global Emerging Markets Equity,0,2.64,6.11,6.04,-3.26,3.31,25.4,18.82,15.29,0,0.84,0.4,0.75,280606435,3,32909.03012,5,9.77,1.09,84.61,18.86,0.99,3,3,3,TRUE
F00000W50J,BNY Mellon Global Emerging Mkts GBP Acc,5,4,Global Emerging Markets Equity,0,2.62,6.03,5.81,-3.67,2.74,24.36,17.84,14.37,0,1.66,0.4,0.75,280606435,3,32909.03012,5,8.94,1.09,84.61,18.85,0.95,3,3,3,TRUE
F0GBR04L4F,BNY Mellon Asian Equity EUR A Acc,3,4,Asia-Pacific ex-Japan Equity,0,2.46,2.89,1.15,-7.86,0.03,17.66,16.44,11.54,5,2.32,0.56,0.75,45417335,3,36176.71271,5,5.49,1.12,88.65,18.33,0.82,3,3,3,FALSE
F00000NB3V,BNY Mellon Asian Equity EUR B Acc,3,4,Asia-Pacific ex-Japan Equity,0,2.47,2.94,1.28,-7.63,0.37,18.26,17.02,12.1,5,1.82,0.56,0.75,45417335,3,36176.71271,5,5.99,1.12,88.64,18.34,0.85,3,3,3,FALSE
F0GBR059OY,BNY Mellon Asian Equity EUR C Acc,3,4,Asia-Pacific ex-Japan Equity,0,2.48,2.98,1.41,-7.4,0.7,18.84,17.61,12.66,5,1.32,0.56,0.75,45417335,3,36176.71271,5,6.5,1.12,88.65,18.35,0.87,3,3,3,FALSE
F0GBR04KJA,BNY Mellon Asian Equity USD A Acc,3,4,Asia-Pacific ex-Japan Equity,0,3.43,2.74,-1.48,-9.32,-3.26,18.23,17.28,12.87,5,2.32,0.56,0.75,45417335,3,36176.71271,5,5.53,1.11,88.51,18.31,0.82,3,3,3,FALSE
F0GBR04KKI,BNY Mellon Asian Equity USD B Acc,3,4,Asia-Pacific ex-Japan Equity,0,3.44,2.79,-1.36,-9.09,-2.93,18.82,17.86,13.44,5,1.82,0.56,0.75,45417335,3,36176.71271,5,6.03,1.11,88.51,18.32,0.85,3,3,3,FALSE
F0GBR04KJG,BNY Mellon Asian Equity USD C Acc,4,4,Asia-Pacific ex-Japan Equity,0,3.45,2.83,-1.23,-8.86,-2.61,19.41,18.46,14,5,1.32,0.56,0.75,45417335,3,36176.71271,5,6.54,1.11,88.51,18.33,0.87,3,3,3,FALSE
F00000PBUR,BNY Mellon Asian Equity USD W Acc,4,4,Asia-Pacific ex-Japan Equity,0,3.46,2.85,-1.17,-8.74,-2.44,19.71,18.75,14.29,5,1.07,0.56,0.75,45417335,3,36176.71271,5,6.79,1.11,88.5,18.33,0.89,3,3,3,TRUE
F00000YPWA,BNY Mellon Global Em Mkts CHF E Acc,5,5,Global Emerging Markets Equity,0,3.44,6.84,4.79,-4.94,6.13,28.69,17.7,,5,0.68,0.55,0.75,53820703,3,29166.19207,5,8.39,1.07,84.77,18.66,0.92,3,3,3,FALSE
F00000PGOB,BNY Mellon Global Em Mkts EUR A Acc,4,5,Global Emerging Markets Equity,0,2.78,5.43,5.41,-3.83,4.6,25.74,17.36,11.98,5,2.18,0.55,0.75,53820703,3,29166.19207,5,6.93,1.07,85.26,18.46,0.85,3,3,3,FALSE
F000010N5Z,BNY Mellon Global Em Mkts EUR W Acc,5,5,Global Emerging Markets Equity,0,2.8,5.54,5.74,-3.22,5.48,27.31,18.85,,5,0.93,0.55,0.75,53820703,3,29166.19207,5,8.2,1.07,85.25,18.48,0.92,3,3,3,FALSE
F00000PO01,BNY Mellon Global Em Mkts USD A Acc,4,5,Global Emerging Markets Equity,0,3.74,5.26,2.66,-5.36,1.14,26.32,18.15,13.29,5,2.18,0.55,0.75,53820703,3,29166.19207,5,6.9,1.06,85.32,18.46,0.85,3,3,3,FALSE
F00000P6Y1,BNY Mellon Global Em Mkts USD C,5,5,Global Emerging Markets Equity,0,3.77,5.36,2.93,-4.87,1.84,27.61,19.4,14.46,5,1.18,0.55,0.75,53820703,3,29166.19207,5,7.96,1.06,85.3,18.51,0.91,3,3,3,FALSE
F00000W7IR,BNY Mellon Global Em Mkts USD C Acc,5,5,Global Emerging Markets Equity,0,3.77,5.36,2.93,-4.87,1.85,27.61,19.39,14.45,5,1.18,0.55,0.75,53820703,3,29166.19207,5,7.95,1.06,85.3,18.5,0.91,3,3,3,FALSE
F00000YNIJ,BNY Mellon Global Em Mkts USD E Acc,5,5,Global Emerging Markets Equity,0,3.78,5.41,3.06,-4.62,2.19,28.25,19.95,,5,0.68,0.55,0.75,53820703,3,29166.19207,5,8.41,1.06,85.4,18.51,0.93,3,3,3,FALSE
F00000WAYS,BNY Mellon Global Em Mkts USD W Acc,5,5,Global Emerging Markets Equity,0,3.77,5.38,2.99,-4.76,2.01,27.92,19.54,14.66,5,0.93,0.55,0.75,53820703,3,29166.19207,5,8.05,1.07,85.5,18.51,0.91,3,3,3,TRUE
F00000OYVA,BNY Mellon Oriental B Acc,4,4,Asia-Pacific ex-Japan Equity,0,2.62,3.75,1.5,-7.22,-1.76,17.49,18.13,14.65,0,1.06,0.38,0.75,136257548,3,36208.84096,5,8.49,1.13,87.6,18.66,0.97,3,3,3,TRUE
F0GBR04RQF,BNY Mellon Oriental EUR Acc,3,4,Asia-Pacific ex-Japan Equity,0,2.48,2.94,1.26,-7.17,2.05,20.52,18.65,12.92,0,2.23,0.38,0.75,136257548,3,36208.84096,5,7.32,1.14,87.27,18.7,0.91,3,3,3,FALSE
F0GBR06HU4,BNY Mellon Oriental Expt 1 Acc,4,4,Asia-Pacific ex-Japan Equity,0.11024,2.64,3.79,1.61,-7.02,-1.49,17.97,18.61,15.12,0,0.66,0.38,0.75,136257548,3,36208.84096,5,8.89,1.14,87.59,18.67,0.99,3,3,3,FALSE
F0GBR06HU2,BNY Mellon Oriental Inst Acc,4,4,Asia-Pacific ex-Japan Equity,0,2.63,3.75,1.48,-7.26,-1.82,17.38,18.01,14.55,0,1.15,0.38,0.75,136257548,3,36208.84096,5,8.39,1.13,87.6,18.66,0.97,3,3,3,FALSE
F00000OTTT,BNY Mellon Oriental Inst W Acc,4,4,Asia-Pacific ex-Japan Equity,0,2.63,3.77,1.54,-7.15,-1.66,17.66,18.3,14.83,0,0.9,0.38,0.75,136257548,3,36208.84096,5,8.64,1.13,87.59,18.67,0.98,3,3,3,TRUE
F00000PT9Y,Brandes Emerging Markets Value A Euro,1,3,Global Emerging Markets Equity,0,1.57,1.49,-2.62,2.25,7.26,19.94,2.15,1.97,5,1.91,0.05,9.33,23538387,1,12794.28569,4,-6.54,1.05,79.72,18.86,0.11,2,2,2,FALSE
F00000TEO1,Brandes Emerging Markets Value I Euro,1,3,Global Emerging Markets Equity,0,1.55,1.55,-2.41,2.69,8.01,21.04,3.17,2.86,5,0.9,0.05,9.33,23538387,1,12794.28569,5,-5.54,1.05,79.63,18.86,0.17,2,2,2,TRUE
F00000PT9X,Brandes Emerging Markets Value A USD,1,3,Global Emerging Markets Equity,0,2.51,1.47,-5.41,0.36,4.16,20.07,3.12,3.41,5,1.95,0.05,9.33,23538387,1,12794.28569,4,-6.1,1.03,79.42,18.49,0.13,2,2,2,FALSE
F00000OAR8,Brandes Emerging Markets Value I USD,1,3,Global Emerging Markets Equity,0,2.59,1.59,-5.08,0.9,5,21.5,4.08,4.26,5,0.89,0.05,9.33,23538387,1,12794.28569,4,-5.22,1.03,79.54,18.54,0.18,2,2,2,FALSE
F0GBR0659U,C WorldWide Emerging Markets 1A,5,4,Global Emerging Markets Equity,0,3.51,3.65,1.14,-3.42,5.42,23.85,16.37,13.65,0,1.92,0.37,6.33,28800458,3,31865.10451,4,5.18,1.04,94.25,16.77,0.82,3,3,3,FALSE
0P00000MEU,C WorldWide Emerging Markets 1A EUR,5,4,Global Emerging Markets Equity,0,2.44,3.49,3.33,-2.07,8.78,23.37,15.45,12.31,0,1.92,0.37,6.33,28800458,3,31865.10451,4,5.18,1.04,94.25,16.8,0.82,3,3,3,FALSE
0P0000G7SG,C WorldWide Emerging Markets 1A NOK,5,4,Global Emerging Markets Equity,0,1.85,1.34,4.41,-1.71,6.78,20.29,17.66,14.61,0,1.92,0.37,6.33,28800458,3,31865.10451,4,5.18,1.04,94.25,16.45,0.84,3,3,3,FALSE
0P0000196W,C WorldWide Emerging Markets 1A SEK,5,4,Global Emerging Markets Equity,0,1.83,2.91,3.88,-1.84,10.35,21.25,13.97,13.65,0,1.92,0.37,6.33,28800458,3,31865.10451,4,5.18,1.04,94.25,15.89,0.86,3,3,3,FALSE
F0GBR04BHF,Candriam Eqs L Em Mkts C EUR Cap,4,2,Global Emerging Markets Equity,0,1.7,0.1,-1.02,-2.43,8.69,22.66,13.56,10.78,3.5,2.1,0.26,27.25,1765590712,3,31237.68495,3,3.45,1.03,94.76,15.98,0.74,2,3,3,FALSE
F0GBR04V8Q,Candriam Eqs L Em Mkts I EUR Cap,5,2,Global Emerging Markets Equity,0,1.93,0.53,-0.94,-1.65,9.27,23.09,13.43,10.96,0,0.91,0.26,27.25,1765590712,3,31237.68495,3,3.19,1.04,94.93,16.07,0.73,2,3,3,FALSE
F00000WZDI,Candriam Eqs L Em Mkts I GBP Cap,5,2,Global Emerging Markets Equity,0,2.03,1.07,-1.2,-2.31,3.59,18.93,11.59,11.8,0,0.91,0.26,27.25,1765590712,3,31237.68495,3,3.17,1.03,96.24,15.77,0.74,2,3,3,TRUE
F00000WZDJ,Candriam Eqs L Em Mkts R GBP Cap,5,2,Global Emerging Markets Equity,0,1.77,0.73,-1.04,-2.67,3.62,19.7,12.78,12.32,3.5,1.2,0.26,27.25,1765590712,3,31237.68495,3,4.42,1.02,95.68,15.72,0.81,2,3,3,TRUE
